# https://github.com/mikedh/trimesh
v -0.23284952 0.65134465 -0.28510900
v 0.23974112 0.66086917 0.19719197
v 0.32663559 0.65084295 0.13370293
v 0.06382418 0.57378680 -0.19186413
v -0.06128877 0.65369335 -0.12663842
v -0.00584476 0.66547366 -0.18710793
v 0.08628773 0.41911299 -0.38035053
v 0.07673639 0.46447024 -0.12799879
v -0.22937169 0.37215830 -0.05817066
v -0.16915520 0.32447723 -0.04263287
v 0.10420470 0.79076210 0.19803497
v -0.01247879 0.48047467 -0.05176899
v -0.05357638 0.58738815 -0.07804133
v 0.21900900 0.60472101 -0.33133101
v -0.38099455 0.48041287 0.34716976
v -0.04941871 0.84209289 -0.26242956
v 0.00000000 0.91216501 -0.28700967
v 0.00000000 0.81168054 -0.37404458
v 0.32846197 0.34133538 -0.19895536
v 0.25877407 0.33701608 -0.10265391
v 0.25175432 0.37224438 -0.20232720
v 0.00116662 0.39196857 0.18042667
v -0.06193705 0.34517991 0.17849100
v 0.00204695 0.33083143 0.13043885
v -0.06750305 0.38820110 0.13204989
v 0.30558574 0.37533774 -0.11213402
v 0.21210862 0.44931575 -0.25469737
v -0.23361934 0.48867948 0.20996227
v -0.27417396 0.55911770 0.14625787
v -0.16142911 0.49836108 0.11972864
v -0.15236085 0.53439206 0.22997383
v -0.21804013 0.78647000 -0.09933663
v -0.06332524 0.96572979 -0.41987895
v -0.31798341 0.97911226 -0.20332974
v 0.39015560 0.47630140 -0.43310493
v 0.38457607 0.23656899 -0.20239630
v -0.29986521 0.50021325 0.29362643
v -0.36358020 0.68921821 -0.47576739
v -0.17684810 0.65294109 -0.27199149
v -0.22067978 0.64485401 -0.35737494
v -0.37016230 0.63009819 -0.49777496
v 0.26103223 0.65558286 0.12012583
v 0.04176833 0.94607002 0.24305300
v 0.32457755 0.62876606 0.20430896
v 0.08020004 1.04682502 0.35415464
v -0.05513901 0.67409285 -0.16883935
v 0.01074653 0.64733216 -0.12711982
v 0.11758897 0.43302273 -0.31345679
v 0.08090791 0.48052647 -0.20257193
v 0.07469843 0.22565399 -0.45262460
v -0.24094824 0.31299657 -0.05863579
v -0.15805778 0.38378188 -0.05795999
v 0.07961558 0.56815545 -0.12304303
v 0.09515718 0.80099346 0.12283215
v 0.39999452 0.64562534 0.28058759
v 0.07055621 0.73553764 0.03718746
v 0.21679222 0.79328653 -0.03607811
v 0.35277911 0.93670423 -0.05975995
v -0.01000006 0.56197290 -0.04099117
v -0.10884810 0.46939077 -0.06098201
v 0.05293078 0.68811597 -0.07636024
v 0.12748900 0.77448634 -0.07817800
v 0.17026448 0.99142346 0.37089362
v 0.14734023 1.05038603 0.29332100
v 0.38658034 0.72040373 0.36025723
v -0.38731000 0.73495220 -0.44017899
v -0.31594584 0.71548350 -0.51279633
v 0.15258995 0.17975022 -0.41777748
v -0.37604874 0.57457211 0.36113085
v -0.04837115 0.87901711 -0.25821956
v 0.00000000 0.91436224 -0.36896536
v 0.00000000 0.81551729 -0.28800601
v 0.28053679 0.35239876 -0.17507517
v 0.29583455 0.37842533 -0.22265637
v 0.32060940 0.30809375 -0.12331995
v 0.23765202 0.36603512 -0.12434878
v -0.00175466 0.34292743 0.17404509
v -0.07265588 0.39857211 0.18292202
v -0.06179125 0.33794202 0.13463451
v -0.00789154 0.40406419 0.13188844
v 0.22410727 0.57867909 -0.28599740
v -0.12915561 0.52806716 0.10139539
v -0.16544490 0.48378816 0.19907933
v -0.26398552 0.55386018 0.21926168
v -0.24359736 0.49265396 0.12863070
v -0.16148675 0.78926113 -0.10186832
v -0.32224771 0.97364777 -0.11212747
v 0.38686222 0.57485084 -0.44740434
v 0.37301327 0.25333288 -0.15419429
v 0.00000000 0.96435550 -0.42244907
v -0.32560368 0.56995256 0.29055505
v -0.08260235 1.02206413 0.38866768
v 0.38099455 0.48041287 0.34716976
v -0.07996113 1.07084929 0.29165827
v -0.05742208 0.73267437 -0.03861583
v 0.15977852 0.66697027 -0.19887729
v 0.15464983 0.50262117 -0.03792194
v 0.09172529 0.49025596 0.04861433
v 0.06645749 0.73539426 -0.20996986
v -0.04173938 0.64037150 0.07651935
v -0.32022743 0.48365879 -0.51905028
v -0.39015560 0.47630140 -0.43310493
v -0.31939073 0.17118105 -0.20454216
v -0.41300693 0.22362617 -0.20164850
v -0.21900900 0.60472101 -0.33133101
v -0.21210862 0.44931575 -0.25469737
v -0.34178081 0.54659893 -0.47485162
v -0.10089767 0.79409419 0.20826448
v -0.19003549 0.59201772 -0.28452471
v -0.37014233 0.60173066 -0.49587200
v -0.30452479 0.82619745 0.44118643
v 0.15167191 0.74695859 -0.13266473
v 0.34329507 0.57664378 0.20425898
v 0.23194236 0.48401919 0.21078746
v 0.00000000 0.90864631 0.19699420
v 0.00000000 1.04987539 0.35021747
v 0.00000000 0.99030420 0.29039686
v -0.00766111 0.57279794 -0.11378008
v -0.00562059 0.66931196 -0.04663753
v -0.01252690 0.80298279 0.11842242
v 0.00294495 0.73012247 0.04479200
v 0.02981176 0.25088838 -0.42875724
v -0.00486297 0.28570135 -0.40646647
v -0.14025528 0.45267724 -0.35074797
v -0.06800747 0.41597801 -0.39044597
v -0.24537484 0.39313004 -0.20232521
v -0.32671074 0.23548356 -0.10710060
v 0.00547184 0.49055622 -0.20071606
v -0.09620886 0.46751186 -0.12969715
v -0.16505564 0.40973323 -0.11406641
v -0.23223647 0.29577266 -0.09236846
v 0.08165720 0.65394581 -0.12165921
v 0.29392578 0.51367786 0.11585126
v 0.40269371 0.56865217 0.27716133
v 0.22315040 0.78882120 -0.10550740
v 0.37380467 0.95202400 -0.12973200
v 0.35864234 0.94524668 -0.08701433
v 0.15705145 0.53475755 0.02961036
v 0.26314271 0.57257208 0.13753950
v -0.06382418 0.57378680 -0.19186413
v -0.34179782 0.74708775 0.37862484
v -0.31686020 0.97742025 -0.04600945
v -0.29262574 0.62248975 0.24891525
v 0.39657201 0.65531925 -0.44821303
v 0.06332524 0.96572979 -0.41987895
v 0.33872114 0.33489588 -0.03811532
v 0.23233626 0.38102557 -0.04617821
v 0.06053300 0.38132747 0.13612700
v 0.08801280 0.34473594 0.19801412
v 0.23284952 0.65134465 -0.28510900
v 0.04941871 0.84209289 -0.26242956
v -0.25404417 0.66889455 0.20052272
v -0.16303017 0.80067760 -0.04010297
v -0.38072194 0.64791168 0.37597152
v -0.22410727 0.57867909 -0.28599740
v -0.34731662 0.48043983 -0.47427166
v -0.04176833 0.94607002 0.24305300
v -0.28809692 0.86858144 0.41075528
v 0.00000000 0.89960382 0.13131912
v -0.08661535 0.56764000 -0.11902793
v -0.04969727 0.67381995 -0.06289568
v -0.06147888 0.79749016 0.10670049
v -0.05289269 0.74107287 0.04326058
v 0.00459732 0.47318270 -0.13206713
v 0.01063748 0.41203776 -0.39127582
v -0.35945167 0.18473175 -0.17344475
v -0.37185380 0.18164587 -0.21946627
v -0.14729265 0.46086801 -0.28445390
v -0.15987792 0.30330322 -0.09643902
v -0.06772748 0.49630703 -0.20376323
v -0.04781440 0.28561358 -0.40667250
v -0.24401149 0.37925279 -0.11565779
v -0.18471875 0.42656274 -0.19760387
v -0.08716123 0.23687016 -0.43965742
v 0.11617154 0.68363971 -0.17939428
v 0.37320692 0.95594487 -0.19544195
v 0.00000000 0.60112067 -0.20686225
v 0.10605414 0.47296036 -0.05026883
v 0.41044036 0.48157482 0.28303894
v 0.15359099 0.50315999 0.04138361
v 0.29714871 0.49757998 0.20774333
v 0.24250374 0.49342446 0.12434752
v 0.30132283 0.55708662 0.11152801
v 0.00000000 0.82841361 0.20618700
v 0.17095348 0.71900292 -0.19084698
v 0.25020550 0.56420372 0.21081568
v -0.08020004 1.04682502 0.35415464
v 0.09805302 0.71912120 -0.10740903
v 0.01414489 0.73289481 -0.03573195
v 0.15426031 0.64602822 -0.14185470
v 0.11090541 0.52924803 0.07075669
v -0.00960579 0.65349469 0.05005596
v 0.16838482 0.53732399 -0.04432327
v 0.00000000 1.05979373 0.29212560
v 0.00000000 1.00222030 0.35863343
v 0.37604874 0.57457211 0.36113085
v -0.31822807 0.56264904 -0.52285944
v -0.38686222 0.57485084 -0.44740434
v -0.29174474 0.79043092 0.50014815
v -0.30383317 0.17991005 -0.15397529
v -0.38732358 0.24509169 -0.13361424
v 0.23007620 0.30716310 -0.06552331
v 0.05033398 0.34464475 0.13637353
v 0.07247229 0.40510148 0.18622945
v 0.22067978 0.64485401 -0.35737494
v 0.04837115 0.87901711 -0.25821956
v 0.31934978 0.37558689 -0.03824146
v -0.27557182 0.66753768 0.13391266
v -0.22237936 0.79292338 -0.03787760
v 0.04171800 0.68968201 -0.25074399
v -0.13389100 1.03795866 0.34842866
v -0.20521501 0.78233302 0.19669300
v -0.25339801 0.49434065 -0.11767683
v -0.04093373 0.55354063 -0.33172800
v 0.00000000 0.59496042 -0.29393986
v 0.10601582 0.39344970 -0.06256998
v -0.32906265 0.38147775 -0.45170815
v -0.37103267 0.18248875 -0.25864750
v 0.00570014 0.40969537 -0.14754581
v 0.00290972 0.31764382 -0.18754506
v 0.01938619 0.45993941 -0.34818245
v -0.24265747 0.37735938 -0.37027915
v -0.17984894 0.42174706 -0.29042648
v -0.14630104 0.46101493 -0.20350605
v -0.35320477 0.19275072 -0.31093361
v -0.07496266 0.49377703 -0.28459699
v -0.16202781 0.22439541 -0.46381634
v -0.09425796 0.32747043 -0.14316056
v 0.33018943 0.84711146 -0.39550872
v 0.34143399 0.93020624 -0.29059336
v 0.22947036 0.91909964 -0.36401125
v 0.37976559 0.41613031 0.28223657
v 0.36312899 0.36146501 0.24025500
v 0.24892090 0.29836407 0.20379631
v 0.33611875 0.31483525 0.13232525
v 0.22157480 0.43618241 0.10212228
v 0.16673870 0.39094110 0.04513392
v 0.19677767 0.70068336 -0.24863800
v -0.16296003 0.55634178 -0.13127512
v -0.12394100 0.77929002 0.00112600
v -0.16683663 0.80512450 0.12235593
v -0.24593767 0.56153561 -0.20170813
v -0.17949177 1.00584305 0.30718108
v -0.32815977 0.83597113 0.29276967
v 0.37191173 0.59119849 0.42458465
v 0.00000000 0.97587050 0.43958516
v 0.37877115 0.79939930 -0.41984799
v -0.30315353 0.97488704 0.11930509
v -0.22870162 0.96437402 0.36325494
v -0.08374663 0.95897049 0.50383288
v 0.15983482 0.32083514 -0.04907848
v -0.26729152 0.74475763 -0.03229059
v 0.07465717 0.31886019 0.02323306
v -0.21345242 0.18204751 -0.41517018
v -0.29830345 0.17836936 -0.33980411
v -0.38453707 0.24823127 -0.34812626
v -0.29409447 0.89295772 0.36395651
v -0.27946499 0.35186800 -0.40044099
v -0.28343201 0.93505901 0.16752200
v -0.23330237 0.49401441 -0.20361821
v -0.17603684 0.57327087 -0.20253665
v -0.06222032 0.56382605 -0.29327889
v 0.00000000 0.55982056 -0.36812451
v 0.11370959 0.31835131 -0.03261718
v -0.01962310 0.43821903 -0.16467003
v 0.00555319 0.33198933 -0.14515827
v -0.16295906 0.40665856 -0.37294591
v 0.01548774 0.49568857 -0.28368348
v -0.13899569 0.46228474 -0.12741319
v -0.24207528 0.38825606 -0.28885373
v -0.32036347 0.31255824 -0.43649450
v -0.33661970 0.22444379 -0.37618964
v -0.24499750 0.23624131 -0.45250435
v -0.07097235 0.30488203 -0.18598983
v -0.07635441 0.45866585 -0.34967839
v -0.08602380 0.39915906 -0.13415075
v 0.32718999 0.88679133 -0.35857089
v 0.22068962 0.94004010 -0.32021852
v 0.32328942 0.33572796 0.19518691
v 0.24125821 0.31568473 0.12333828
v 0.19941700 0.34603900 0.07152400
v -0.24349897 0.56921865 -0.12427874
v -0.25935204 0.73662906 0.04632517
v -0.21030586 0.78650880 0.10645880
v -0.15801124 0.79227179 0.19314895
v -0.24873138 0.97065958 0.29217190
v -0.17026448 0.99142346 0.37089362
v -0.38365494 0.80250784 0.27757249
v 0.36673967 0.43461633 0.33175734
v -0.14734023 1.05038603 0.29332100
v 0.15014768 0.37228866 -0.05548941
v 0.17684810 0.65294109 -0.27199149
v 0.04653509 0.70673427 -0.24881163
v 0.07871837 0.40112860 0.03309978
v -0.13211976 0.74474462 -0.05547912
v -0.30690531 0.40992128 -0.51228985
v -0.37310211 0.42124822 -0.43255935
v -0.31043019 0.82230193 0.38145161
v -0.16177612 0.17905450 -0.41846053
v -0.32009184 0.17276186 -0.28531491
v -0.40316713 0.23033279 -0.29162909
v -0.13778855 0.26850117 -0.49339095
v -0.20978420 0.87207919 0.50519999
v -0.43693606 0.40815351 -0.12886863
v -0.25957981 0.47307482 -0.55699397
v -0.41725899 0.47295138 -0.36656883
v -0.18522003 0.81774329 0.55891328
v 0.00000000 0.39216610 -0.53027902
v 0.23525510 0.58541365 0.34175504
v 0.31497113 0.49826441 0.36462606
v 0.00000000 0.82060827 0.37211086
v 0.00000000 1.09324063 0.11942394
v 0.03500821 0.17600806 -0.27656052
v -0.11717985 0.18169297 -0.37354009
v -0.10090678 0.32348705 -0.51514635
v -0.42295407 0.31792060 -0.20534545
v -0.17510183 0.17585521 -0.15574639
v -0.23336579 0.17453186 -0.20462254
v 0.47895122 0.80795277 -0.11970605
v 0.22518917 1.04584725 -0.12263039
v 0.48056318 0.56104451 0.11628481
v 0.45411136 0.50272364 0.19559843
v -0.08036529 1.08614845 0.20366563
v -0.04185500 0.96443200 0.15664200
v 0.00000000 0.98882949 0.20590924
v 0.32560368 0.56995256 0.29055505
v 0.24433714 0.47492589 0.28197880
v 0.00000000 0.91041415 0.29121477
v 0.41567910 0.90940017 -0.13812320
v 0.32224771 0.97364777 -0.11212747
v 0.23117781 1.02471957 -0.22123826
v 0.41933663 0.59072950 0.22991908
v 0.43791539 0.47786358 0.13119239
v 0.43738170 0.85083620 -0.21599290
v -0.24783963 0.85137449 0.48363951
v 0.01277269 0.22905451 -0.36353554
v 0.01245405 0.31661402 -0.43060722
v -0.12910775 0.22026161 -0.16972299
v -0.30670586 0.36536847 -0.20609629
v -0.33108601 0.32100349 -0.11276223
v -0.23993409 0.23516653 -0.10202607
v -0.06933378 0.20221543 -0.29212068
v -0.07295658 0.37893113 -0.43366228
v -0.17882706 0.91862152 0.45542183
v -0.42327133 0.70256572 -0.03274145
v -0.46809218 0.80523237 -0.04870906
v 0.04269706 0.71784416 -0.56964440
v 0.17995298 0.68200425 -0.56797025
v 0.23216468 0.65451430 -0.58483946
v -0.40422186 0.64569661 0.04815219
v -0.46058981 0.65945717 0.11413305
v -0.15083300 0.78780101 0.25597067
v -0.18530269 1.02864176 0.15571254
v -0.27606612 0.94336074 0.28765805
v 0.42566489 0.83526737 -0.28998484
v 0.24076367 0.97627172 -0.29019661
v 0.42082862 0.39215406 0.12006035
v 0.37709301 0.86968000 -0.34082833
v 0.37948920 0.34741830 0.17986040
v 0.31096416 0.34201700 0.28474043
v -0.23258694 0.99493057 0.20557338
v -0.36048028 0.86191188 0.08793386
v -0.28746000 0.95259100 0.24846300
v -0.09593488 0.45640509 -0.41999784
v 0.00000000 0.57495601 -0.45546007
v 0.25590158 0.54232884 0.45204039
v 0.30378013 0.52018432 0.41791357
v -0.12799015 0.18570483 -0.31684180
v -0.15617165 0.37321390 -0.43793928
v -0.24289289 0.31233681 -0.47248595
v -0.30705619 0.25338378 -0.42978430
v -0.32356914 0.36286904 -0.28451773
v -0.34807304 0.33350385 -0.38664352
v -0.26407982 0.18868946 -0.39374040
v -0.08589493 0.23405912 -0.20272179
v 0.25501780 0.84078980 -0.45658175
v 0.00000000 0.81906429 0.44556118
v 0.29205799 0.86956267 -0.41763234
v -0.31601288 0.65165710 -0.04044003
v -0.29555372 0.70694247 0.03634685
v -0.00344073 0.25043171 -0.15726049
v -0.31664726 0.56795934 -0.11803542
v 0.06907083 0.22544591 -0.05786152
v -0.31604742 0.90893214 0.20288241
v -0.38718947 0.40520908 -0.35599677
v -0.24487385 0.40821764 -0.53981966
v -0.15615973 1.06219265 0.20734706
v -0.21599021 1.04684687 0.11066539
v -0.37390038 0.87703220 0.12709207
v 0.30915651 0.59141083 0.52703584
v 0.00000000 0.90337601 0.52319812
v 0.00756495 0.14361502 -0.20479916
v -0.16166730 0.17044335 -0.36691072
v -0.23977363 0.16617076 -0.28321750
v -0.41582043 0.32466887 -0.28892425
v -0.15419901 0.29877209 -0.49927312
v 0.31902545 0.40793662 0.34842947
v 0.00000000 0.48363289 -0.54361534
v 0.44749966 0.78731298 -0.33323367
v 0.23875695 0.34969587 0.33538541
v -0.08295472 0.14376420 -0.12392305
v -0.19122391 0.94203581 0.39645974
v -0.45302113 0.71343445 0.16810078
v -0.39009720 0.80523236 0.19880161
v -0.44407699 0.44165000 -0.32023200
v -0.19709267 0.44592766 -0.57040015
v -0.43723974 0.39905328 -0.19610954
v -0.08680774 0.35816839 -0.53068917
v -0.26723892 0.55842843 -0.55830998
v -0.42190296 0.57431176 -0.38626167
v -0.24170259 0.81128879 0.52186555
v 0.00000000 0.33938554 -0.55114512
v 0.24647096 0.48445581 0.36296827
v 0.00000000 1.08120383 0.19403867
v 0.00000000 0.90376138 0.37514472
v -0.25035922 0.18054177 -0.15409502
v -0.39118178 0.30005634 -0.13889955
v -0.16526704 0.16028040 -0.20781774
v -0.09545250 0.16399439 -0.27842313
v 0.48287337 0.80650478 -0.21015000
v 0.46098757 0.49160573 0.11640953
v 0.35289249 0.54456686 0.35307737
v 0.22518474 1.04035307 -0.19062671
v 0.45717679 0.56230926 0.18865249
v -0.08990825 1.09789509 0.12164656
v -0.15392795 0.89692717 0.52544935
v 0.00000000 0.99577789 0.12721846
v 0.24188754 0.57206637 0.28384888
v 0.29986521 0.50021325 0.29362643
v 0.00000000 0.81232839 0.28710610
v 0.40616881 0.91629771 -0.20578809
v 0.25400708 1.00973746 -0.10436411
v 0.43589406 0.84613488 -0.15555333
v 0.31798341 0.97911226 -0.20332974
v 0.41625913 0.46734017 0.21243319
v -0.04477059 0.92908764 0.28162280
v -0.22395000 0.18452600 -0.16435701
v 0.01513545 0.37491080 -0.42750934
v -0.34261336 0.34830734 -0.19642693
v -0.29624630 0.36071251 -0.13539765
v -0.16242261 0.22351148 -0.12917233
v -0.07075446 0.21992431 -0.36362511
v -0.06662791 0.31482920 -0.44306539
v 0.00920350 0.20650853 -0.28461013
v -0.24737438 0.90517501 0.43330832
v 0.29262574 0.62248975 0.24891525
v 0.04477059 0.92908764 0.28162280
v 0.31686020 0.97742025 -0.04600945
v 0.38943703 0.89647683 -0.04126929
v 0.39897058 0.63338911 0.20939097
v -0.38922658 0.33747917 0.03430239
v -0.44749966 0.78731298 -0.33323367
v -0.43757730 0.73923569 -0.36831092
v -0.24454987 0.73549189 -0.53197880
v 0.15615973 1.06219265 0.20734706
v 0.34179782 0.74708775 0.37862484
v 0.45302113 0.71343445 0.16810078
v 0.19122391 0.94203581 0.39645974
v 0.16129418 0.16712863 -0.36868231
v 0.14067218 0.30666109 -0.50296640
v 0.05778251 0.19756884 -0.36313932
v 0.07086529 0.32045803 -0.47795213
v -0.30226125 0.29789337 -0.07026890
v -0.34739404 0.83908030 0.21183237
v -0.34368727 0.90936812 0.11314606
v 0.00000000 0.47681826 -0.44861468
v 0.25920692 0.51927309 0.41509359
v 0.31781547 0.55615987 0.45300804
v 0.00000000 0.92142430 0.44715151
v -0.12403887 0.18695213 -0.33243679
v -0.22890678 0.36155324 -0.42317946
v -0.35812227 0.35239949 -0.29343369
v -0.31510753 0.35974507 -0.35937783
v -0.16703098 0.32426419 -0.47968697
v 0.01093794 0.22964567 -0.21907085
v -0.09782290 0.22242491 -0.12431555
v 0.33811204 0.80777173 -0.43368988
v 0.23532639 0.87478773 -0.42758327
v -0.30088278 0.59630216 -0.17215239
v -0.23007918 0.34021982 -0.50686699
v -0.20669409 1.04024997 0.20646452
v -0.40487786 0.66078158 -0.03702445
v -0.41210861 0.40200285 -0.29865212
v -0.18321509 0.37804908 -0.55751750
v -0.45749445 0.79290682 0.04699853
v -0.39964813 0.83770519 0.11084649
v 0.00000000 0.56647575 -0.53216122
v 0.18048422 0.74089139 -0.56066061
v 0.24524411 0.56210121 0.53716358
v 0.00000000 0.81817064 0.52695339
v -0.09228006 0.15383906 -0.21350561
v -0.23783939 0.16963435 -0.36467882
v -0.15712117 0.17033020 -0.28445839
v -0.39444031 0.31011136 -0.36194366
v 0.23350315 0.79163955 -0.50773819
v 0.45449419 0.42702584 0.10153851
v 0.24762419 0.40310484 0.35997100
v 0.45849866 0.79868974 -0.28027303
v 0.01305368 0.12352918 -0.10851821
v 0.05931923 0.17609237 -0.07749231
v -0.16154454 1.06673041 0.12521742
v -0.26304862 0.92280796 0.37960134
v -0.09729589 0.91328740 0.53396370
v -0.46610888 0.72682104 0.12609316
v -0.36729934 0.87535099 0.17263567
v 0.14890716 0.24860111 -0.08044156
v -0.30467078 0.65026590 0.03190182
v -0.29561980 0.70983591 -0.03582059
v 0.05304120 0.26408534 0.00513913
v 0.04185500 0.96443200 0.15664200
v 0.24251050 0.64070560 0.26741994
v 0.40480290 0.62632728 0.12821919
v 0.25233878 1.01822670 -0.03174550
v 0.42766229 0.84840237 -0.04049171
v -0.42227491 0.38876404 0.04239546
v -0.45849866 0.79868974 -0.28027303
v -0.45449419 0.42702584 0.10153851
v -0.44359791 0.77089283 -0.29030677
v -0.18048422 0.74089139 -0.56066061
v 0.18321509 0.37804908 -0.55751750
v 0.21025875 1.04144223 0.04261261
v 0.46610888 0.72682104 0.12609316
v 0.16154454 1.06673041 0.12521742
v 0.15658768 0.17059876 -0.28021693
v 0.45749445 0.79290682 0.04699853
v 0.21331801 0.70521498 0.33340099
v -0.31934978 0.37558689 -0.03824146
v 0.06612088 0.19171834 -0.31571969
v 0.07791398 0.38299300 -0.44280839
v -0.17814732 0.24998868 -0.07758750
v -0.05764821 0.34435200 -0.58780487
v -0.45554067 0.51039367 -0.33842133
v -0.45516348 0.41552972 -0.10168289
v -0.48703728 0.57568549 -0.27695782
v -0.22607356 0.48470345 -0.58433657
v -0.16428659 0.57786162 -0.61356586
v 0.00000000 0.40050571 -0.59703762
v 0.00000000 0.73597556 0.37779511
v 0.00000000 1.09328687 0.03996701
v -0.44774548 0.30424090 -0.23278936
v 0.16403184 1.06140944 -0.12575287
v 0.47967531 0.74209574 -0.12167376
v 0.50351409 0.55821613 0.05003261
v 0.16231563 0.58097268 0.35671153
v 0.04946451 0.96873452 -0.09701893
v 0.00000000 0.99930893 -0.03634021
v 0.08656209 0.58230352 0.27303789
v 0.00000000 0.64371523 0.29028677
v 0.40394656 0.67362578 -0.12804807
v 0.04857809 0.43549165 0.44732635
v -0.52883901 0.60554002 -0.10366200
v -0.07655635 0.49606383 -0.65695506
v -0.21331801 0.70521498 0.33340099
v -0.49191664 0.54926019 -0.21240761
v -0.48289914 0.48211025 -0.12085067
v -0.38603778 0.88885988 0.03350224
v -0.08369641 0.55391551 -0.64639054
v -0.21025875 1.04144223 0.04261261
v 0.00000000 0.48497933 -0.61063100
v 0.31594584 0.71548350 -0.51279633
v 0.12728436 0.52176629 0.54345798
v -0.44748537 0.31258655 -0.24973628
v 0.45336066 0.73436703 -0.34071414
v 0.17554596 0.35120715 0.33365370
v -0.05979912 0.07737579 -0.15026982
v -0.05962596 0.01228341 -0.20662188
v 0.00704854 0.04103898 -0.21042688
v -0.42825177 0.73477123 0.20113274
v -0.25233878 1.01822670 -0.03174550
v 0.43892992 0.67681766 -0.37753131
v 0.08041336 1.00896078 -0.37037505
v 0.39300008 0.34479401 -0.04571649
v 0.11671967 0.34832767 0.26502268
v -0.24318844 0.64689365 0.26748001
v -0.35277911 0.93670423 -0.05975995
v 0.09047052 0.47677350 0.44990861
v 0.08161655 0.92262783 -0.45506982
v 0.36358020 0.68921821 -0.47576739
v -0.30750201 0.63076478 0.19512479
v -0.04840100 1.12086149 -0.02066300
v -0.04171800 0.68968201 -0.25074399
v 0.04093373 0.55354063 -0.33172800
v 0.00000000 0.66249959 -0.37570661
v 0.12175100 0.43849400 -0.16403900
v 0.07402129 0.32259573 -0.13126117
v 0.07443397 0.47946179 -0.28519829
v -0.14990658 0.48907478 -0.04170371
v -0.11730624 0.42446638 -0.06503813
v -0.24359609 0.54108912 -0.04519059
v -0.15083126 0.66546114 -0.20490180
v -0.22679227 0.62756356 -0.15222304
v -0.24913798 0.47999008 -0.04844211
v 0.00000000 0.64992359 -0.28362288
v 0.06222032 0.56382605 -0.29327889
v 0.06774213 0.46124720 -0.35518897
v 0.05152753 0.28494980 -0.18438512
v 0.07316914 0.39787654 -0.11636490
v -0.18275249 0.53558523 -0.04429170
v -0.11353117 0.28079854 -0.00683733
v -0.01247823 0.43315062 -0.00602075
v -0.15854427 0.65393102 -0.13430504
v -0.24634450 0.65711993 -0.19021142
v 0.37066327 0.65978132 0.42765748
v 0.07717342 0.98853366 0.44704056
v 0.14367233 0.97366111 0.44638680
v 0.15924272 0.40334459 -0.12040724
v 0.00000000 0.73545006 -0.28605139
v 0.19003549 0.59201772 -0.28452471
v 0.14787618 0.45763195 -0.35730006
v 0.00603926 0.40617877 0.03453901
v -0.07966297 0.31262068 0.02997152
v -0.16810010 0.53339928 0.03870200
v -0.23248052 0.71264815 -0.18478782
v -0.16204258 0.73966031 -0.12675625
v -0.24276035 0.48049122 0.04544028
v 0.08374663 0.95897049 0.50383288
v -0.04653509 0.70673427 -0.24881163
v 0.00000000 0.73287481 -0.38156766
v 0.15911762 0.46641162 -0.28401421
v 0.17439639 0.27951944 -0.09182816
v 0.16364367 0.41476530 -0.20076027
v -0.08299794 0.40333615 0.03876654
v -0.15202205 0.50058665 0.03949944
v -0.25332782 0.74055766 -0.12539911
v -0.17440476 0.71986302 -0.19260468
v 0.00189994 0.30814687 0.03639838
v -0.22959916 0.53409998 0.01715893
v -0.36673967 0.43461633 0.33175734
v -0.18139759 0.92991141 -0.38445857
v -0.04585254 0.80988253 -0.19896131
v -0.15594078 0.31407015 0.21034911
v -0.14573790 0.37700605 0.11384708
v -0.24125821 0.31568473 0.12333828
v -0.04549049 0.92322572 -0.14760850
v -0.22068962 0.94004010 -0.32021852
v -0.33811204 0.80777173 -0.43368988
v 0.38365494 0.80250784 0.27757249
v 0.24432287 0.73196657 0.04390667
v 0.24873138 0.97065958 0.29217190
v -0.00010925 0.47983215 0.19422232
v -0.00522543 0.82129460 -0.11948654
v 0.30247556 0.35974263 -0.35006448
v 0.27313197 0.35087767 -0.40098642
v 0.34186070 0.34857342 -0.28703252
v 0.23961513 0.24409253 -0.44158113
v 0.24748126 0.37492085 -0.28536724
v 0.23330237 0.49401441 -0.20361821
v 0.10047308 0.80102673 -0.03133351
v 0.34739404 0.83908030 0.21183237
v 0.34368727 0.90936812 0.11314606
v 0.21672625 0.78982726 0.12829050
v 0.16597665 0.80721562 0.04328964
v 0.28343201 0.93505901 0.16752200
v 0.00000000 0.91303713 -0.20881224
v 0.24050892 0.56843605 -0.12439825
v -0.07909540 0.49300916 0.12802101
v -0.07530429 0.55956729 0.19900640
v -0.00878601 0.56791482 0.12144261
v 0.19586634 0.75035309 0.13711071
v 0.27816399 0.67455986 -0.05389903
v 0.05151981 0.67228417 0.13695597
v 0.28886667 0.59786232 -0.16733367
v -0.31781547 0.55615987 0.45300804
v -0.35401095 0.37561767 0.28390795
v -0.30470035 0.95615044 -0.26403350
v 0.38117632 0.24850802 -0.28601984
v 0.37310211 0.42124822 -0.43255935
v 0.20521501 0.78233302 0.19669300
v -0.29205799 0.86956267 -0.41763234
v -0.22157480 0.43618241 0.10212228
v -0.16204638 0.32973265 0.13728265
v -0.24892090 0.29836407 0.20379631
v -0.22947036 0.91909964 -0.36401125
v -0.05020671 0.89160720 -0.20905629
v 0.30029992 0.64714698 -0.03778961
v 0.00000000 0.89551957 -0.13630829
v 0.00000000 0.82133146 -0.21298601
v 0.29748544 0.70351667 0.04711414
v 0.00362351 0.57249428 0.20098187
v 0.31604742 0.90893214 0.20288241
v -0.04692911 0.80892494 -0.11706945
v 0.30200372 0.36234193 -0.28638762
v 0.24276594 0.37134946 -0.36809660
v 0.29264801 0.26179843 -0.41587299
v 0.33706368 0.31837226 -0.37517460
v 0.24764483 0.56799584 -0.19634713
v 0.30241785 0.57015528 -0.11548276
v 0.25339801 0.49434065 -0.11767683
v 0.28746000 0.95259100 0.24846300
v 0.36048028 0.86191188 0.08793386
v -0.00420216 0.48600380 0.13027566
v -0.08121014 0.53050694 0.13263335
v -0.08593104 0.47086984 0.18712117
v 0.17708694 0.73396563 0.20843204
v 0.06364195 0.64555217 0.20668619
v -0.14522944 0.43620152 0.21826360
v -0.30378013 0.52018432 0.41791357
v -0.31096416 0.34201700 0.28474043
v 0.37003679 0.26432078 -0.33306046
v -0.11671967 0.34832767 0.26502268
v -0.19277015 1.03287676 -0.11148177
v -0.23117781 1.02471957 -0.22123826
v -0.08041336 1.00896078 -0.37037505
v 0.00000000 0.98452143 -0.28713008
v 0.41725899 0.47295138 -0.36656883
v 0.00000000 0.43420340 0.29568440
v 0.39864480 0.31070638 -0.21209310
v 0.43693606 0.40815351 -0.12886863
v -0.16574228 0.57365701 0.28041109
v -0.24433714 0.47492589 0.28197880
v -0.49576384 0.55615607 -0.02982661
v -0.49908777 0.65580541 -0.12353622
v 0.07655635 0.49606383 -0.65695506
v 0.00000000 0.64238580 -0.59079527
v 0.08369641 0.55391551 -0.64639054
v 0.04387627 0.08661619 -0.15783326
v 0.04428730 0.01305526 -0.21372741
v -0.29714871 0.49757998 0.20774333
v -0.08161655 0.92262783 -0.45506982
v 0.00000000 0.84081890 -0.45451900
v 0.34731662 0.48043983 -0.47427166
v 0.24783963 0.85137449 0.48363951
v 0.28809692 0.86858144 0.41075528
v 0.04840100 1.12086149 -0.02066300
v 0.34797933 0.19390405 -0.19880270
v 0.24036840 0.23705013 -0.09747780
v 0.00000000 0.56814455 0.46286644
v 0.52883901 0.60554002 -0.10366200
v -0.30633443 0.56810602 0.12241048
v -0.09047052 0.47677350 0.44990861
v -0.35864234 0.94524668 -0.08701433
v 0.00000000 0.91179847 -0.43732841
v 0.30452479 0.82619745 0.44118643
v 0.24737438 0.90517501 0.43330832
v 0.32017389 0.23961893 -0.11824054
v 0.00000000 0.46933185 0.47077231
v 0.34178081 0.54659893 -0.47485162
v -0.32756736 0.57947841 0.20077263
v -0.29992976 0.50723838 0.11570727
v -0.11916350 1.03084799 -0.28468384
v -0.17279828 1.02893426 -0.22052317
v -0.25400708 1.00973746 -0.10436411
v -0.09454476 0.41609032 0.27897494
v 0.00000000 0.98591274 -0.36956732
v 0.42190296 0.57431176 -0.38626167
v 0.37694568 0.29804961 -0.14840984
v 0.43723974 0.39905328 -0.19610954
v 0.44407699 0.44165000 -0.32023200
v -0.24290257 0.57330624 0.28046878
v -0.16642131 0.45518054 0.28885182
v -0.48429371 0.48174094 -0.03886708
v -0.52845217 0.61632331 -0.10373772
v -0.50656741 0.65540075 -0.19697355
v -0.08037619 0.64941175 -0.62654338
v 0.08015941 0.48445943 -0.65206939
v 0.05477858 0.05368660 -0.19939840
v -0.40394656 0.67362578 -0.12804807
v 0.00000000 0.65359170 -0.54056007
v 0.27221451 0.65463873 0.55764438
v 0.07141999 0.15263860 -0.13211125
v 0.00196197 0.16953162 -0.07401272
v 0.00000000 0.72749580 -0.44056331
v 0.15479691 0.22490266 -0.11277036
v -0.29315160 0.70469047 -0.11080231
v -0.32447891 0.57474550 0.04074449
v 0.00455795 0.25850771 0.00897748
v -0.20321700 0.97081000 -0.32861999
v -0.11961400 1.03089905 -0.20824100
v -0.13909813 0.39581446 0.30905036
v -0.24902793 0.33340699 0.28496560
v -0.17330147 1.01761429 -0.28783783
v 0.00000000 0.99406432 -0.11966089
v 0.19780182 1.02534349 0.01793141
v 0.39964813 0.83770519 0.11084649
v 0.09066003 0.64809689 0.28659091
v 0.30449366 0.90817358 0.28723460
v 0.36729934 0.87535099 0.17263567
v 0.25744180 0.98996176 0.13547681
v 0.00000000 0.55770652 0.29303346
v 0.37320232 0.30574614 -0.34156167
v 0.04742098 0.95992619 -0.04931448
v 0.41210861 0.40200285 -0.29865212
v 0.40487786 0.66078158 -0.03702445
v 0.15357883 0.72623914 0.27194258
v 0.28707880 0.96481940 0.20072900
v -0.08127036 0.44479193 0.27808001
v -0.45865249 0.41687327 -0.05083562
v -0.48929717 0.64231649 -0.29536789
v -0.16464962 0.64670983 -0.59826588
v 0.07668452 0.40380565 -0.62190738
v 0.09238860 1.07785903 0.03733504
v 0.47870977 0.73884143 -0.04070919
v 0.48330333 0.64862719 0.03736712
v 0.07332949 0.73346806 0.36927160
v 0.15488323 0.65535277 0.37131586
v 0.15678341 1.08100285 -0.04561704
v -0.32328942 0.33572796 0.19518691
v -0.23532639 0.87478773 -0.42758327
v -0.18987409 0.85786598 -0.47750794
v -0.32718999 0.88679133 -0.35857089
v -0.25920692 0.51927309 0.41509359
v 0.00000000 0.43607984 0.45861416
v 0.21979600 0.36182023 -0.41932511
v 0.30218602 0.31251102 -0.42321986
v 0.32245187 0.23830092 -0.36491382
v -0.17511925 0.54106969 0.45256615
v -0.16243101 0.33737238 0.28881541
v -0.16106605 0.98098490 -0.35485562
v -0.24076367 0.97627172 -0.29019661
v -0.04946451 0.96873452 -0.09701893
v 0.00000000 0.98665996 -0.21857189
v 0.38718947 0.40520908 -0.35599677
v 0.37390038 0.87703220 0.12709207
v 0.27606612 0.94336074 0.28765805
v 0.39009720 0.80523236 0.19880161
v 0.23258694 0.99493057 0.20557338
v 0.30315353 0.97488704 0.11930509
v 0.00000000 0.47504258 0.29385235
v 0.39060332 0.31472670 -0.28851656
v 0.32815977 0.83597113 0.29276967
v -0.09757392 0.58279466 0.27136915
v -0.23216468 0.65451430 -0.58483946
v -0.46466588 0.64838483 -0.35921424
v 0.05764821 0.34435200 -0.58780487
v -0.04857809 0.43549165 0.44732635
v -0.33611875 0.31483525 0.13232525
v -0.36312899 0.36146501 0.24025500
v -0.15930261 0.89627428 -0.44848033
v -0.25501780 0.84078980 -0.45658175
v -0.33018943 0.84711146 -0.39550872
v -0.34143399 0.93020624 -0.29059336
v -0.25590158 0.54232884 0.45204039
v 0.32993047 0.38206638 -0.45258502
v 0.24960488 0.19662149 -0.38521073
v 0.24521401 0.31344512 -0.45668239
v 0.34096012 0.20951688 -0.29976976
v -0.13553318 0.51686676 0.43944878
v -0.39300008 0.34479401 -0.04571649
v -0.43892992 0.67681766 -0.37753131
v -0.27234565 0.65114582 -0.55738137
v 0.45725948 0.67504572 0.17149190
v 0.08036529 1.08614845 0.20366563
v 0.09724630 0.17593741 -0.36739340
v 0.09731674 0.29930373 -0.50044023
v 0.42825177 0.73477123 0.20113274
v 0.30474465 0.96446514 0.03566385
v 0.38603778 0.88885988 0.03350224
v 0.19892363 1.01568585 0.16807947
v -0.32334042 0.32857995 0.03717864
v 0.19855548 0.18505149 -0.40548730
v 0.17159891 0.31159330 -0.48010415
v -0.19677767 0.70068336 -0.24863800
v -0.24821484 0.34437523 0.05879041
v -0.33992925 0.73599580 -0.47095544
v 0.08011900 0.72848458 -0.04614486
v 0.32274741 0.91877509 0.05170618
v 0.23144665 0.72032234 0.11637932
v 0.17949177 1.00584305 0.30718108
v -0.06440743 0.73222199 -0.20624288
v 0.00629791 0.73310978 -0.12097017
v 0.16324571 0.40628535 -0.28779444
v 0.14681484 0.45272677 -0.20434051
v 0.16500933 0.22971317 -0.46127401
v 0.16191429 0.55632178 -0.13058927
v 0.40495765 0.74490942 0.27237537
v 0.16031072 0.80261653 0.11836440
v 0.21786379 0.79936280 0.03765408
v 0.13389100 1.03795866 0.34842866
v -0.01222943 0.56597687 0.05270133
v -0.08471096 0.48167714 0.05338126
v -0.14648477 0.39784106 0.02767828
v 0.19880933 0.77639001 0.07235250
v 0.38072194 0.64791168 0.37597152
v 0.07996113 1.07084929 0.29165827
v 0.08260235 1.02206413 0.38866768
v -0.32009632 0.64457212 -0.52744790
v -0.39657201 0.65531925 -0.44821303
v 0.10452724 0.17955726 -0.41778702
v 0.09853067 0.26850117 -0.49339095
v 0.00000000 0.64920747 -0.45046645
v 0.09831161 0.22462769 -0.13990568
v 0.00248727 0.21382655 -0.03845101
v -0.31784407 0.66154943 -0.11753540
v -0.32457573 0.56678855 -0.04022548
v -0.45411136 0.50272364 0.19559843
v -0.43909879 0.70207555 -0.12969633
v -0.48056318 0.56104451 0.11628481
v -0.47895122 0.80795277 -0.11970605
v 0.23269170 0.57172712 -0.58765661
v 0.00000000 0.73546277 -0.53225719
v 0.27499835 0.73896449 0.56073780
v 0.18522003 0.81774329 0.55891328
v 0.14852404 0.17585130 -0.15494266
v 0.09593488 0.45640509 -0.41999784
v 0.34865368 0.65376486 0.46795691
v 0.07027479 0.23322143 -0.18503582
v -0.08320945 0.22024659 -0.05381669
v -0.29503785 0.63933466 -0.17808712
v -0.31311903 0.51543274 -0.02382941
v -0.45717679 0.56230926 0.18865249
v -0.46098757 0.49160573 0.11640953
v -0.48287337 0.80650478 -0.21015000
v -0.04269706 0.71784416 -0.56964440
v 0.15392795 0.89692717 0.52544935
v 0.30653008 0.73281461 0.51577217
v 0.16095280 0.16899314 -0.20706664
v 0.22607356 0.48470345 -0.58433657
v 0.19709267 0.44592766 -0.57040015
v 0.24917701 0.99428194 0.03479793
v 0.40803364 0.82717923 0.06684790
v 0.18530269 1.02864176 0.15571254
v 0.22752157 0.72409715 0.28132171
v 0.43378034 0.76349419 0.16096247
v 0.15083300 0.78780101 0.25597067
v -0.44113594 0.40686004 -0.04774277
v -0.17995298 0.68200425 -0.56797025
v 0.08680774 0.35816839 -0.53068917
v 0.22993968 0.64468292 0.34890648
v 0.46058981 0.65945717 0.11413305
v 0.08990825 1.09789509 0.12164656
v 0.07878132 0.16451933 -0.28299151
v 0.46809218 0.80523237 -0.04870906
v 0.22502321 1.04759019 -0.04523624
v -0.29755942 0.37457925 0.01176361
v 0.15595378 0.36701287 -0.43284771
v 0.34281417 0.73425794 0.45366392
v 0.17882706 0.91862152 0.45542183
v 0.18469100 0.18452600 -0.16435701
v -0.06039555 0.25999254 0.00751922
v -0.31091904 0.50645273 0.04340269
v -0.42110783 0.65558027 -0.16750536
v 0.09729589 0.91328740 0.53396370
v 0.31556691 0.66597079 0.52688604
v 0.08240945 0.15580628 -0.21002171
v -0.07714596 0.17519037 -0.07628672
v -0.10719514 0.59249871 0.33856242
v -0.17554596 0.35120715 0.33365370
v -0.38176112 0.33903827 0.12705551
v -0.24762419 0.40310484 0.35997100
v -0.40289146 0.39272938 0.21343320
v -0.40999264 0.81763078 -0.36581666
v -0.07648226 1.10235654 -0.12118829
v -0.23350315 0.79163955 -0.50773819
v -0.45336066 0.73436703 -0.34071414
v -0.39488151 0.89270563 -0.28079624
v -0.24524411 0.56210121 0.53716358
v 0.00000000 1.07038919 -0.21358682
v 0.31043019 0.82230193 0.38145161
v 0.26304862 0.92280796 0.37960134
v 0.00000000 0.48195425 0.35397708
v 0.23100956 0.17357813 -0.35273895
v 0.30377009 0.17706348 -0.27716037
v 0.48289914 0.48211025 -0.12085067
v 0.49191664 0.54926019 -0.21240761
v 0.20669409 1.04024997 0.20646452
v 0.30690531 0.40992128 -0.51228985
v 0.23007918 0.34021982 -0.50686699
v -0.12728436 0.52176629 0.54345798
v -0.43738170 0.85083620 -0.21599290
v -0.07989059 0.73040647 -0.59157909
v -0.04763622 0.43669111 0.37278544
v -0.47699809 0.49360333 0.04069760
v -0.43791539 0.47786358 0.13119239
v -0.41933663 0.59072950 0.22991908
v -0.22518917 1.04584725 -0.12263039
v -0.48736869 0.74476127 -0.19666024
v -0.16593170 1.04373484 -0.18998586
v -0.41567910 0.90940017 -0.13812320
v -0.07779475 1.05387903 -0.28475604
v -0.07440130 0.81053837 -0.53202997
v -0.06609487 0.54696457 0.52358256
v -0.23525510 0.58541365 0.34175504
v 0.25957981 0.47307482 -0.55699397
v 0.17215361 0.47631189 -0.60790974
v 0.46266481 0.58356034 -0.36981163
v 0.29174474 0.79043092 0.50014815
v 0.00000000 0.48351371 0.51775996
v 0.28969138 0.18221937 -0.15657188
v 0.24215228 0.16909935 -0.20412015
v 0.46670890 0.48093926 -0.29314010
v 0.44910276 0.40947628 -0.20636353
v 0.20978420 0.87207919 0.50519999
v 0.31822807 0.56264904 -0.52285944
v 0.00000000 0.88914472 -0.50233601
v -0.17476931 0.48813958 0.36125738
v -0.23875695 0.34969587 0.33538541
v -0.46121001 0.41461121 0.04064094
v -0.37709301 0.86968000 -0.34082833
v -0.14555788 0.71368785 -0.59302052
v -0.17581330 0.40084092 0.35483481
v -0.37948920 0.34741830 0.17986040
v -0.42082862 0.39215406 0.12006035
v -0.42566489 0.83526737 -0.28998484
v -0.47395846 0.73541818 -0.28376737
v -0.15006767 1.03825026 -0.26868243
v -0.07748837 1.07589326 -0.20414100
v -0.16306720 0.82414700 -0.51368069
v -0.08896982 0.46551038 0.37488386
v 0.00000000 1.08166485 -0.11503568
v 0.15766224 0.40422646 -0.60496800
v 0.24487385 0.40821764 -0.53981966
v 0.21599021 1.04684687 0.11066539
v 0.29409447 0.89295772 0.36395651
v 0.47244130 0.74694341 0.05329324
v 0.15950967 1.06036979 0.04050186
v 0.00000000 0.56646195 0.36416235
v 0.08625155 1.08909100 -0.04441941
v 0.23912235 0.16631341 -0.28685385
v 0.48012242 0.48967754 -0.21426441
v 0.49922359 0.55863171 -0.12473089
v 0.49965458 0.64888420 -0.04106917
v 0.10373179 0.64948027 0.35086650
v 0.16348367 0.71655573 0.34319446
v 0.00000000 0.43911971 0.49437301
v 0.44903600 0.43901101 -0.25720701
v -0.16248221 0.53724913 0.52642138
v 0.40422186 0.64569661 0.04815219
v 0.04791760 0.95626961 0.02241940
v 0.42327133 0.70256572 -0.03274145
v 0.10144161 0.72808098 0.27829168
v 0.16698782 0.65590243 0.28534396
v -0.22518474 1.04035307 -0.19062671
v -0.16231563 0.58097268 0.35671153
v -0.41625913 0.46734017 0.21243319
v -0.50351409 0.55821613 0.05003261
v -0.43589406 0.84613488 -0.15555333
v -0.07377761 0.88488408 -0.50352551
v -0.16403184 1.06140944 -0.12575287
v -0.47967531 0.74209574 -0.12167376
v -0.40616881 0.91629771 -0.20578809
v -0.07030389 1.03980694 -0.34019664
v -0.08668048 0.48674094 0.53326195
v 0.32022743 0.48365879 -0.51905028
v 0.16428659 0.57786162 -0.61356586
v 0.26723892 0.55842843 -0.55830998
v 0.00000000 0.43458554 0.37250400
v 0.24170259 0.81128879 0.52186555
v 0.00000000 0.56258404 0.52610715
v 0.24409958 0.18004010 -0.15274756
v 0.31093402 0.17672471 -0.20904635
v 0.00000000 1.05199513 -0.27390458
v 0.48703728 0.57568549 -0.27695782
v 0.45516348 0.41552972 -0.10168289
v 0.00000000 0.82422527 -0.51547789
v 0.45554067 0.51039367 -0.33842133
v -0.24647096 0.48445581 0.36296827
v 0.05872396 1.12194328 0.03612204
v -0.24065243 0.38900054 0.02927631
v 0.28689929 0.69635565 0.09431486
v 0.23094930 0.70847676 0.18446159
v -0.05786018 0.72704206 -0.11481138
v -0.00691194 0.71695080 -0.19560441
v 0.16277730 0.38977534 -0.37198976
v 0.17603684 0.57327087 -0.20253665
v 0.15629736 0.48402520 -0.11462854
v 0.14653960 0.79374430 0.19496963
v 0.35977196 0.85652298 0.07939558
v 0.28296933 0.94850634 0.02972867
v -0.12954392 0.33028859 0.00912104
v -0.00352218 0.47754589 0.04269715
v -0.09396625 0.54247567 0.06904658
v -0.04383100 0.94379401 0.00571900
v 0.16038667 0.78853575 -0.10048278
v 0.16372913 0.48523043 0.20096534
v -0.00500414 0.82006748 0.04410083
v -0.00789710 0.73222618 0.12048627
v 0.25114176 0.72807682 -0.12042412
v 0.29784095 0.50921208 0.03995016
v -0.10529657 0.74202063 0.20045009
v 0.24185762 0.55682445 0.03553631
v -0.34281417 0.73425794 0.45366392
v 0.29253690 0.70414123 -0.11278140
v 0.00000000 0.91136927 0.03825858
v -0.05015886 0.80569499 0.04191606
v -0.05247224 0.74495974 0.10490175
v -0.01401932 0.73226527 0.18271874
v 0.15835610 0.49490997 0.12106591
v 0.24621555 0.48373472 0.04528051
v 0.22757114 0.71139105 -0.18544745
v 0.30345479 0.57374617 0.03965667
v 0.15805884 0.53196600 0.23723800
v 0.04549049 0.92322572 -0.14760850
v 0.06508511 0.55309639 0.20723000
v 0.00000000 0.90095352 -0.02886132
v -0.05152818 0.79674990 -0.03387221
v -0.01069898 0.66751647 0.18978197
v 0.31181736 0.65630382 -0.11894178
v 0.24459931 0.64986502 -0.18996127
v 0.30703840 0.57067461 -0.03877116
v 0.25120049 0.48328895 -0.04538149
v 0.07630689 0.50027684 0.12574460
v 0.04585254 0.80988253 -0.19896131
v -0.06380786 0.66900761 0.12833785
v 0.05020671 0.89160720 -0.20905629
v 0.08038759 0.47517200 0.18740868
v -0.00995084 0.66070163 0.12767865
v -0.00553275 0.80742547 -0.03632100
v 0.04868805 0.81854666 -0.12782904
v 0.27124222 0.67108283 -0.12008178
v 0.28713524 0.63613931 -0.16975961
v 0.29847753 0.51407787 -0.02686260
v 0.07411620 0.52811973 0.12327532
v -0.08636357 0.64384168 0.20427567
v 0.23797836 0.54005280 -0.04681712
v -0.34865368 0.65376486 0.46795691
v 0.00000000 0.99570053 0.04932397
v 0.00000000 0.74323868 0.30000688
v 0.16553044 0.57297418 0.27817569
v 0.43909879 0.70207555 -0.12969633
v 0.19277015 1.03287676 -0.11148177
v 0.00000000 1.08568620 -0.04870894
v 0.00000000 0.65892794 0.35559789
v 0.07648226 1.10235654 -0.12118829
v 0.49908777 0.65580541 -0.12353622
v 0.49576384 0.55615607 -0.02982661
v 0.10719514 0.59249871 0.33856242
v -0.44903600 0.43901101 -0.25720701
v -0.16348367 0.71655573 0.34319446
v -0.49965458 0.64888420 -0.04106917
v -0.49922359 0.55863171 -0.12473089
v -0.48012242 0.48967754 -0.21426441
v -0.15766224 0.40422646 -0.60496800
v -0.08015941 0.48445943 -0.65206939
v -0.15950967 1.06036979 0.04050186
v -0.40803364 0.82717923 0.06684790
v 0.00000000 0.55139859 -0.61602930
v 0.08037619 0.64941175 -0.62654338
v 0.16306720 0.82414700 -0.51368069
v 0.24454987 0.73549189 -0.53197880
v 0.16248221 0.53724913 0.52642138
v 0.00000000 0.73008600 0.52927316
v 0.15006767 1.03825026 -0.26868243
v 0.47395846 0.73541818 -0.28376737
v 0.17581330 0.40084092 0.35483481
v 0.14555788 0.71368785 -0.59302052
v 0.46121001 0.41461121 0.04064094
v -0.07323175 0.04984409 -0.20256110
v 0.00999068 0.06832332 -0.14518384
v 0.02431864 0.01218126 -0.20154426
v -0.47244130 0.74694341 0.05329324
v -0.43378034 0.76349419 0.16096247
v 0.09454476 0.41609032 0.27897494
v 0.44113594 0.40686004 -0.04774277
v 0.11916350 1.03084799 -0.28468384
v -0.15355767 0.65675816 0.29774983
v 0.00000000 0.64487756 0.45524500
v 0.52845217 0.61632331 -0.10373772
v 0.00000000 1.12341297 -0.00165100
v -0.30450967 0.64732261 0.11682347
v 0.00000000 0.65545122 0.59655948
v 0.07311948 0.56267795 0.61176518
v -0.42766229 0.84840237 -0.04049171
v -0.15488323 0.65535277 0.37131586
v -0.15678341 1.08100285 -0.04561704
v -0.47870977 0.73884143 -0.04070919
v 0.07779475 1.05387903 -0.28475604
v 0.16464962 0.64670983 -0.59826588
v 0.27234565 0.65114582 -0.55738137
v 0.07440130 0.81053837 -0.53202997
v 0.00000000 0.66135914 0.52974478
v 0.48929717 0.64231649 -0.29536789
v 0.45865249 0.41687327 -0.05083562
v 0.04763622 0.43669111 0.37278544
v 0.06609487 0.54696457 0.52358256
v 0.07989059 0.73040647 -0.59157909
v -0.40480290 0.62632728 0.12821919
v -0.48330333 0.64862719 0.03736712
v -0.19780182 1.02534349 0.01793141
v 0.17330147 1.01761429 -0.28783783
v 0.44359791 0.77089283 -0.29030677
v 0.13909813 0.39581446 0.30905036
v 0.42227491 0.38876404 0.04239546
v -0.15652420 0.72624506 0.27337910
v -0.35977196 0.85652298 0.07939558
v 0.17511925 0.54106969 0.45256615
v 0.00000000 0.73639256 0.45134413
v 0.18987409 0.85786598 -0.47750794
v 0.00000000 1.12047331 0.00497033
v -0.29073788 0.69836522 0.09276655
v 0.16411687 0.57559074 0.60582758
v 0.00000000 0.73669848 0.59755710
v -0.08212753 0.50619278 0.58685690
v 0.16828447 0.73690882 0.61580291
v 0.00000000 0.56760862 0.58985967
v 0.21309575 0.78969207 0.58299419
v 0.07998839 0.65491500 0.63625987
v 0.07637491 0.73773209 0.64279235
v 0.16469670 0.64936100 0.63283089
v -0.07332949 0.73346806 0.36927160
v -0.44910276 0.40947628 -0.20636353
v -0.46670890 0.48093926 -0.29314010
v -0.07668452 0.40380565 -0.62190738
v -0.17215361 0.47631189 -0.60790974
v -0.23269170 0.57172712 -0.58765661
v -0.46266481 0.58356034 -0.36981163
v 0.00000000 0.34436106 -0.58434398
v 0.17476931 0.48813958 0.36125738
v 0.16593170 1.04373484 -0.18998586
v 0.48736869 0.74476127 -0.19666024
v 0.47699809 0.49360333 0.04069760
v -0.09238860 1.07785903 0.03733504
v -0.27499835 0.73896449 0.56073780
v -0.04742098 0.95992619 -0.04931448
v 0.08127036 0.44479193 0.27808001
v 0.42110783 0.65558027 -0.16750536
v 0.11961400 1.03089905 -0.20824100
v -0.10096898 0.64085587 0.27923052
v -0.24917701 0.99428194 0.03479793
v 0.43757730 0.73923569 -0.36831092
v 0.16106605 0.98098490 -0.35485562
v 0.16243101 0.33737238 0.28881541
v 0.38922658 0.33747917 0.03430239
v -0.21987086 0.71483900 0.27048572
v -0.39897058 0.63338911 0.20939097
v -0.38943703 0.89647683 -0.04126929
v -0.22502321 1.04759019 -0.04523624
v -0.22993968 0.64468292 0.34890648
v 0.07030389 1.03980694 -0.34019664
v 0.46466588 0.64838483 -0.35921424
v 0.32009632 0.64457212 -0.52744790
v 0.08668048 0.48674094 0.53326195
v 0.07377761 0.88488408 -0.50352551
v -0.32274741 0.91877509 0.05170618
v 0.33992925 0.73599580 -0.47095544
v 0.13553318 0.51686676 0.43944878
v 0.15930261 0.89627428 -0.44848033
v -0.05872396 1.12194328 0.03612204
v 0.14522944 0.43620152 0.21826360
v 0.16204638 0.32973265 0.13728265
v 0.29755942 0.37457925 0.01176361
v 0.24821484 0.34437523 0.05879041
v -0.24415210 0.72805825 0.12207389
v -0.17595914 0.75569507 0.21869279
v -0.21728567 0.79441018 0.04153825
v -0.10373179 0.64948027 0.35086650
v 0.07748837 1.07589326 -0.20414100
v 0.08896982 0.46551038 0.37488386
v 0.50656741 0.65540075 -0.19697355
v 0.48429371 0.48174094 -0.03886708
v -0.08625155 1.08909100 -0.04441941
v -0.27221451 0.65463873 0.55764438
v 0.16642131 0.45518054 0.28885182
v 0.17279828 1.02893426 -0.22052317
v -0.09415814 0.73746868 0.28733094
v -0.04791760 0.95626961 0.02241940
v 0.07239940 0.82886554 0.60133781
v 0.23761930 0.64131139 0.60722156
v -0.08271236 0.87486291 0.57930491
v 0.00000000 0.81586622 0.58374022
v 0.23296448 0.58834537 0.59699278
v 0.16239124 0.79978282 -0.04143315
v 0.25401355 0.73293474 -0.03441941
v 0.10168580 0.80029214 0.04160133
v 0.07613505 0.73762245 0.12303883
v 0.27462631 0.64892949 0.03118135
v -0.37976559 0.41613031 0.28223657
v 0.22870162 0.96437402 0.36325494
v 0.16296328 0.80475667 0.59728522
v 0.22853149 0.73508107 0.60032488
v 0.08271236 0.87486291 0.57930491
v 0.08212753 0.50619278 0.58685690
v -0.07998839 0.65491500 0.63625987
v -0.37380467 0.95202400 -0.12973200
v -0.40269371 0.56865217 0.27716133
v 0.37014233 0.60173066 -0.49587200
v -0.28296933 0.94850634 0.02972867
v -0.38658034 0.72040373 0.36025723
v 0.14573790 0.37700605 0.11384708
v 0.24065243 0.38900054 0.02927631
v 0.15594078 0.31407015 0.21034911
v 0.18139759 0.92991141 -0.38445857
v 0.32334042 0.32857995 0.03717864
v -0.22710881 0.71358241 0.19533872
v -0.16111231 0.80961709 0.04240227
v -0.20114400 0.77043524 0.15386825
v -0.39999452 0.64562534 0.28058759
v 0.37016230 0.63009819 -0.49777496
v -0.45725948 0.67504572 0.17149190
v -0.19892363 1.01568585 0.16807947
v 0.30470035 0.95615044 -0.26403350
v 0.39488151 0.89270563 -0.28079624
v 0.40289146 0.39272938 0.21343320
v 0.35401095 0.37561767 0.28390795
v 0.24902793 0.33340699 0.28496560
v 0.38176112 0.33903827 0.12705551
v 0.40999264 0.81763078 -0.36581666
v 0.20321700 0.97081000 -0.32861999
v -0.25744180 0.98996176 0.13547681
v 0.38731000 0.73495220 -0.44017899
v -0.30474465 0.96446514 0.03566385
v 0.30472309 0.70387579 -0.02326771
v 0.32039438 0.65597710 0.03498079
v 0.04383100 0.94379401 0.00571900
v 0.08718388 0.74608848 0.20554096
v 0.19826785 0.68857295 0.23777402
v 0.00000000 0.50951840 0.58111960
v -0.07311948 0.56267795 0.61176518
v 0.10567200 0.70668282 0.65749451
v -0.07637491 0.73773209 0.64279235
v -0.31497113 0.49826441 0.36462606
v -0.35289249 0.54456686 0.35307737
v -0.37877115 0.79939930 -0.41984799
v -0.31902545 0.40793662 0.34842947
v -0.37191173 0.59119849 0.42458465
v -0.30915651 0.59141083 0.52703584
v -0.31556691 0.66597079 0.52688604
v -0.37066327 0.65978132 0.42765748
v -0.30653008 0.73281461 0.51577217
v -0.23761930 0.64131139 0.60722156
v -0.23296448 0.58834537 0.59699278
v -0.16411687 0.57559074 0.60582758
v -0.14367233 0.97366111 0.44638680
v -0.28707880 0.96481940 0.20072900
v -0.30449366 0.90817358 0.28723460
v -0.07717342 0.98853366 0.44704056
v -0.22853149 0.73508107 0.60032488
v -0.21309575 0.78969207 0.58299419
v -0.16296328 0.80475667 0.59728522
v -0.07239940 0.82886554 0.60133781
v -0.16828447 0.73690882 0.61580291
v -0.41044036 0.48157482 0.28303894
v -0.37320692 0.95594487 -0.19544195
v -0.16469670 0.64936100 0.63283089
v -0.10567200 0.70668282 0.65749451
v -0.40495765 0.74490942 0.27237537
f 391 1249 1260
f 274 228 476
f 1060 12 600
f 1060 600 12
f 907 974 1034
f 304 915 787
f 426 1312 344
f 1227 1201 539
f 22 80 25
f 79 23 78
f 1095 1083 547
f 922 329 449
f 22 25 78
f 650 680 817
f 207 146 1230
f 650 817 680
f 7 438 165
f 331 1169 1243
f 871 853 1048
f 743 769 700
f 791 1005 1007
f 463 127 51
f 695 679 1083
f 497 400 1284
f 783 1292 1017
f 541 796 1007
f 783 1017 1292
f 541 1007 796
f 947 1113 1236
f 458 927 734
f 463 127 340
f 463 340 127
f 746 36 707
f 555 787 751
f 469 391 604
f 756 716 1138
f 79 25 80
f 585 220 596
f 316 395 540
f 782 780 812
f 316 540 395
f 763 726 20
f 1262 1181 1299
f 148 203 24
f 459 850 834
f 347 890 1159
f 26 74 19
f 369 125 267
f 1137 566 1139
f 990 807 769
f 219 597 266
f 227 299 254
f 995 740 771
f 451 826 938
f 720 18 71
f 638 678 857
f 720 71 18
f 663 697 1300
f 793 1004 919
f 663 1300 697
f 365 221 263
f 26 207 76
f 365 263 221
f 393 299 314
f 578 144 1220
f 226 168 224
f 226 224 168
f 1161 975 1219
f 1269 147 1230
f 153 614 86
f 153 86 614
f 451 992 515
f 1037 1259 891
f 51 169 10
f 1257 639 858
f 1183 1259 1258
f 1066 121 163
f 1066 163 121
f 22 204 80
f 119 47 161
f 22 80 204
f 1163 802 1036
f 17 811 654
f 17 654 811
f 72 16 677
f 10 169 441
f 10 441 169
f 913 522 774
f 855 119 189
f 149 24 203
f 977 1038 1184
f 866 652 867
f 977 1184 1038
f 177 118 140
f 1102 1095 1083
f 349 1129 1158
f 820 815 649
f 421 1200 321
f 187 211 287
f 80 148 204
f 1067 1291 1252
f 80 204 148
f 630 681 677
f 630 677 681
f 494 483 385
f 184 430 1076
f 284 1274 1234
f 316 395 562
f 184 1076 430
f 324 325 427
f 324 427 325
f 736 802 977
f 736 977 802
f 438 308 466
f 438 466 308
f 562 540 395
f 562 395 540
f 492 394 300
f 665 34 809
f 204 149 203
f 218 225 300
f 789 989 960
f 602 242 479
f 396 302 227
f 727 1146 1006
f 727 1006 1146
f 123 443 171
f 123 171 443
f 863 835 645
f 341 441 530
f 341 530 441
f 375 274 476
f 1211 1171 573
f 150 185 238
f 1216 965 569
f 1097 1073 1065
f 1097 1065 1073
f 256 272 494
f 256 494 272
f 183 139 133
f 1057 910 856
f 1125 556 1152
f 1097 860 641
f 772 634 676
f 513 909 448
f 130 276 269
f 1097 641 860
f 782 812 748
f 339 440 439
f 574 1213 1217
f 339 439 440
f 471 370 473
f 316 104 417
f 606 597 216
f 861 1053 7
f 841 919 522
f 190 1099 655
f 1176 490 1131
f 1176 1131 490
f 752 711 1119
f 9 172 131
f 579 1214 1166
f 579 1166 1214
f 152 208 1149
f 152 1149 208
f 589 930 899
f 78 693 786
f 1088 655 1099
f 172 440 131
f 172 131 440
f 10 131 169
f 10 169 131
f 990 937 807
f 990 807 937
f 1042 975 1161
f 906 763 893
f 906 893 763
f 251 202 291
f 22 693 78
f 273 254 374
f 850 863 834
f 96 864 1054
f 338 441 375
f 338 375 441
f 1301 69 91
f 104 201 417
f 1301 91 69
f 269 276 129
f 300 225 255
f 340 417 127
f 1240 1154 1124
f 470 368 493
f 854 66 636
f 868 63 64
f 283 252 508
f 272 273 374
f 1147 1011 1115
f 104 127 201
f 597 8 216
f 442 314 393
f 442 393 314
f 1093 100 163
f 531 412 315
f 226 221 275
f 266 228 274
f 242 260 155
f 242 155 260
f 1187 1183 1246
f 462 337 529
f 104 166 127
f 1140 1167 351
f 475 220 274
f 528 461 921
f 803 851 835
f 803 835 851
f 1308 199 1071
f 732 90 71
f 1034 974 755
f 732 71 90
f 104 103 166
f 1140 485 1155
f 642 812 833
f 642 833 812
f 372 472 395
f 372 395 472
f 110 877 41
f 911 778 1002
f 1108 327 1242
f 382 379 884
f 1088 1099 1087
f 1088 1087 1099
f 272 371 273
f 370 369 474
f 1224 1220 560
f 725 735 1040
f 855 189 121
f 336 442 171
f 828 629 808
f 828 808 629
f 266 228 276
f 266 276 228
f 576 1197 1225
f 157 115 325
f 316 201 417
f 316 417 201
f 218 300 167
f 477 376 478
f 492 393 394
f 868 64 45
f 336 444 342
f 983 1265 88
f 200 103 318
f 458 1257 63
f 337 123 443
f 337 443 123
f 614 1051 86
f 1091 1095 1064
f 595 263 221
f 1151 1150 1184
f 341 127 416
f 1156 947 1236
f 84 152 579
f 1262 1150 1181
f 607 618 583
f 607 583 618
f 184 328 115
f 1092 1052 677
f 184 115 328
f 127 166 103
f 1088 686 655
f 749 91 574
f 493 394 393
f 341 416 317
f 494 385 373
f 1148 724 1111
f 1089 1104 655
f 1006 1112 1146
f 907 1001 908
f 1006 1146 1112
f 330 137 136
f 339 372 439
f 339 439 372
f 765 884 930
f 875 604 63
f 316 340 439
f 316 439 340
f 1211 564 1134
f 1211 1134 564
f 347 758 890
f 1042 980 975
f 764 624 883
f 576 802 550
f 764 883 624
f 301 225 218
f 541 1198 1113
f 477 1286 247
f 301 395 494
f 321 512 919
f 321 919 512
f 1269 291 147
f 342 475 375
f 1090 688 1055
f 416 318 418
f 235 1285 359
f 316 562 540
f 784 1020 775
f 968 1030 1026
f 396 370 474
f 396 474 370
f 83 28 710
f 644 780 819
f 181 113 133
f 644 819 780
f 1165 488 1135
f 601 239 282
f 396 443 315
f 396 315 443
f 687 688 1101
f 271 273 371
f 979 893 906
f 271 370 273
f 928 763 906
f 928 906 763
f 372 473 373
f 372 373 473
f 1167 1119 1025
f 1097 641 681
f 1097 681 641
f 1223 556 1125
f 1217 1118 1153
f 93 196 310
f 270 267 222
f 270 222 267
f 738 579 1214
f 738 1214 579
f 306 102 385
f 180 191 138
f 1283 397 360
f 432 1110 320
f 369 267 343
f 112 185 190
f 1163 1204 1237
f 471 369 222
f 484 408 315
f 471 222 369
f 388 1124 558
f 369 222 267
f 369 267 222
f 172 440 126
f 172 126 440
f 357 333 1282
f 40 155 105
f 40 105 155
f 507 884 379
f 130 276 52
f 130 52 276
f 811 704 1041
f 811 1041 704
f 539 546 1106
f 539 1106 546
f 1009 954 1010
f 226 128 268
f 369 343 474
f 357 1172 1136
f 306 405 1191
f 372 473 222
f 372 222 473
f 124 275 168
f 689 776 680
f 124 168 275
f 130 269 224
f 386 480 370
f 864 1054 53
f 864 53 1054
f 656 623 30
f 1053 925 529
f 130 172 52
f 555 1190 533
f 129 164 276
f 129 276 164
f 1268 236 1077
f 1268 1077 236
f 808 703 719
f 384 404 464
f 1160 1150 1038
f 421 424 322
f 1181 1150 1186
f 51 10 9
f 1160 1038 1150
f 513 432 320
f 130 228 276
f 463 838 417
f 357 1282 359
f 934 896 881
f 549 1114 1238
f 934 881 896
f 1011 543 1115
f 130 173 224
f 130 224 173
f 83 28 85
f 273 370 227
f 83 85 28
f 568 1278 1214
f 899 592 213
f 189 860 1097
f 181 326 113
f 227 174 299
f 189 1097 860
f 985 837 806
f 908 520 974
f 536 1194 789
f 338 441 418
f 73 20 19
f 329 137 449
f 418 441 317
f 1180 1261 561
f 579 1166 1149
f 579 1149 1166
f 1093 692 1061
f 270 126 223
f 369 343 125
f 1208 569 142
f 173 126 172
f 657 679 1086
f 471 473 222
f 1288 353 388
f 679 547 1083
f 194 117 116
f 194 116 117
f 283 252 209
f 283 209 252
f 81 1054 686
f 555 1120 1121
f 328 415 430
f 1204 1142 706
f 328 430 415
f 438 443 343
f 647 27 21
f 207 1230 147
f 261 109 155
f 441 375 476
f 441 476 375
f 1067 1252 57
f 269 60 587
f 341 318 416
f 341 416 318
f 693 656 692
f 732 90 577
f 1137 392 567
f 493 342 368
f 493 368 342
f 364 466 275
f 861 48 586
f 292 238 185
f 226 170 128
f 89 735 36
f 1093 658 692
f 94 290 187
f 422 196 326
f 422 326 196
f 493 342 419
f 17 16 72
f 708 1162 1143
f 1 39 852
f 595 529 894
f 595 894 529
f 280 1231 1272
f 1108 547 544
f 864 53 8
f 864 8 53
f 692 657 658
f 1143 1162 1043
f 302 443 227
f 692 658 657
f 1108 186 428
f 932 1246 1260
f 932 1260 1246
f 272 374 255
f 1312 287 344
f 96 185 1079
f 42 857 2
f 104 218 167
f 73 19 74
f 494 272 373
f 494 373 272
f 396 474 443
f 84 749 574
f 312 414 842
f 243 290 286
f 414 427 325
f 953 981 1009
f 862 49 621
f 862 621 49
f 414 325 427
f 134 326 55
f 134 55 326
f 1195 534 788
f 911 1002 523
f 189 860 47
f 493 419 491
f 1175 1225 1197
f 861 21 646
f 182 114 133
f 804 835 685
f 675 783 1087
f 493 491 418
f 874 414 194
f 282 591 382
f 178 98 294
f 419 375 491
f 51 131 340
f 444 475 342
f 338 418 375
f 50 879 844
f 649 815 680
f 651 1056 866
f 227 370 474
f 454 789 822
f 496 1136 1200
f 644 780 685
f 644 685 780
f 327 114 1242
f 504 1278 403
f 102 198 107
f 271 217 370
f 124 267 125
f 720 1044 762
f 414 325 194
f 414 194 325
f 720 762 1044
f 217 473 370
f 507 765 884
f 949 458 734
f 177 6 118
f 687 655 686
f 84 709 749
f 177 118 6
f 494 395 472
f 494 472 395
f 53 4 8
f 1108 547 1081
f 1098 641 677
f 1098 677 641
f 1115 543 1200
f 1233 1213 1173
f 463 340 51
f 463 51 340
f 10 441 530
f 10 530 441
f 1078 182 133
f 316 301 104
f 189 163 95
f 980 954 1009
f 887 1025 962
f 304 838 915
f 275 125 267
f 339 440 126
f 1069 1233 1173
f 862 621 606
f 153 209 1274
f 269 170 224
f 862 606 621
f 269 224 170
f 113 44 3
f 1235 1153 1189
f 81 150 205
f 420 498 334
f 81 205 150
f 129 128 170
f 1241 1308 1306
f 165 343 125
f 275 221 125
f 349 1158 889
f 786 706 743
f 675 1291 1087
f 1035 889 1158
f 124 267 275
f 124 275 267
f 725 1040 952
f 270 267 223
f 270 223 267
f 44 2 3
f 466 275 221
f 449 847 514
f 173 223 126
f 949 814 1257
f 466 221 275
f 513 923 521
f 332 113 134
f 179 196 93
f 85 28 84
f 130 173 172
f 441 476 228
f 593 594 215
f 593 215 594
f 863 50 851
f 25 632 871
f 817 909 778
f 1254 661 695
f 585 596 881
f 169 228 476
f 1309 1316 1202
f 454 636 943
f 757 1119 482
f 392 475 313
f 312 920 539
f 484 315 369
f 642 685 643
f 501 353 387
f 1068 1080 1101
f 682 646 21
f 682 21 646
f 846 856 909
f 357 359 1285
f 147 20 76
f 1117 1191 483
f 227 443 174
f 1298 1183 1187
f 643 804 685
f 1258 1260 1246
f 20 726 735
f 1145 1244 1173
f 204 149 1142
f 746 89 36
f 193 1104 138
f 251 291 216
f 88 144 745
f 88 745 144
f 1207 936 1235
f 340 131 440
f 20 726 202
f 20 202 726
f 840 876 67
f 793 321 543
f 264 585 881
f 264 881 585
f 1090 97 1078
f 323 414 312
f 934 313 921
f 316 439 395
f 1230 146 1272
f 899 930 884
f 176 136 431
f 934 392 313
f 1051 95 5
f 421 321 424
f 152 1213 1273
f 861 621 21
f 883 379 382
f 1011 549 783
f 1078 1068 1101
f 1078 1101 1068
f 17 70 16
f 760 763 881
f 1249 1246 1260
f 1311 1182 1297
f 231 478 1226
f 1116 795 544
f 984 1027 719
f 112 1063 188
f 978 1039 979
f 219 585 597
f 19 707 75
f 19 75 707
f 1135 488 1157
f 760 906 893
f 781 1084 1293
f 1219 144 570
f 1292 1017 512
f 348 488 1157
f 348 1157 488
f 620 251 763
f 1156 571 1041
f 721 35 833
f 829 943 636
f 647 21 862
f 843 524 921
f 1074 163 95
f 1074 95 163
f 381 476 266
f 746 75 735
f 746 707 89
f 746 89 707
f 461 444 336
f 781 1293 1018
f 177 4 118
f 20 735 75
f 237 291 1269
f 176 431 434
f 686 655 1099
f 512 3 44
f 512 44 3
f 878 68 459
f 1233 241 1275
f 1185 1259 1037
f 1185 1037 1259
f 880 487 758
f 1199 542 1238
f 880 758 487
f 501 323 425
f 850 68 863
f 1178 1148 1227
f 1178 1047 1148
f 951 836 952
f 782 1015 747
f 1039 735 726
f 241 162 1274
f 231 278 356
f 231 356 278
f 737 983 88
f 855 56 189
f 581 617 6
f 666 36 836
f 365 487 880
f 805 834 645
f 365 880 487
f 682 74 19
f 682 19 74
f 364 275 343
f 364 343 275
f 683 1053 925
f 460 851 844
f 683 925 1053
f 460 844 851
f 47 5 160
f 1089 1101 1080
f 19 20 75
f 582 263 594
f 582 594 263
f 1178 539 1047
f 666 780 819
f 1094 1092 677
f 507 350 1149
f 1292 3 1017
f 950 779 818
f 528 313 444
f 950 818 779
f 196 326 310
f 436 328 415
f 436 415 328
f 326 446 113
f 1252 638 57
f 1252 57 638
f 152 574 579
f 208 1149 29
f 725 36 735
f 537 559 790
f 208 29 1149
f 415 246 195
f 415 195 246
f 841 457 845
f 760 893 763
f 676 1084 641
f 676 641 1084
f 391 1249 490
f 934 896 392
f 391 490 1249
f 934 392 896
f 683 642 685
f 683 685 642
f 269 282 213
f 1117 407 1121
f 326 429 310
f 949 776 814
f 499 1138 716
f 1141 403 568
f 340 440 527
f 642 685 682
f 642 682 685
f 73 74 21
f 961 1036 802
f 73 21 76
f 746 707 75
f 746 75 707
f 1233 285 241
f 1277 1265 1220
f 579 574 143
f 683 925 803
f 683 803 925
f 1207 1145 821
f 1165 1159 488
f 642 812 685
f 381 475 375
f 49 586 128
f 85 739 28
f 1296 1221 1261
f 1131 1181 490
f 925 462 529
f 1131 490 1181
f 178 216 98
f 844 917 520
f 861 7 48
f 947 1041 969
f 750 769 696
f 1054 655 686
f 1006 548 779
f 862 49 619
f 861 586 619
f 861 619 586
f 1006 779 548
f 398 308 537
f 398 537 308
f 83 693 656
f 968 1263 1030
f 312 1106 427
f 312 427 1106
f 386 535 406
f 132 53 47
f 820 776 1003
f 132 47 53
f 237 294 291
f 541 1110 432
f 27 619 646
f 49 8 597
f 1299 1319 1320
f 120 162 1074
f 279 360 1284
f 76 21 621
f 431 230 434
f 947 996 942
f 595 586 7
f 290 481 286
f 606 291 76
f 219 276 164
f 8 128 164
f 1082 654 1094
f 541 320 1110
f 644 19 819
f 1082 1094 654
f 1008 459 951
f 1021 775 547
f 280 1229 1231
f 620 20 202
f 934 760 881
f 934 881 760
f 355 358 1281
f 919 512 1017
f 896 596 220
f 277 1281 358
f 896 220 475
f 895 390 468
f 332 113 450
f 332 450 113
f 229 1286 477
f 734 733 723
f 122 50 336
f 947 1041 811
f 861 646 1053
f 861 1053 646
f 996 741 967
f 947 811 1041
f 1210 1226 1271
f 684 805 645
f 844 790 917
f 1053 529 7
f 1210 1271 1226
f 1251 57 1252
f 7 165 221
f 264 251 216
f 264 216 251
f 563 399 498
f 1006 950 779
f 1006 779 950
f 1124 1154 1216
f 557 1126 1123
f 54 1254 1294
f 54 1294 1254
f 1245 1106 427
f 904 1260 1258
f 462 879 50
f 580 1111 1240
f 1245 427 1106
f 1060 691 656
f 687 686 662
f 595 268 586
f 997 829 799
f 122 337 50
f 54 1066 56
f 804 645 835
f 78 696 693
f 699 685 780
f 13 160 161
f 702 965 1022
f 311 430 415
f 841 522 457
f 311 415 430
f 863 851 835
f 683 835 803
f 683 803 835
f 576 1237 1197
f 529 466 438
f 101 156 107
f 969 703 1031
f 969 1031 703
f 1005 909 773
f 1005 773 909
f 1211 1284 400
f 684 645 804
f 765 379 884
f 294 216 291
f 146 75 20
f 396 386 484
f 744 704 71
f 744 71 704
f 305 197 409
f 319 542 420
f 146 20 202
f 606 21 76
f 644 19 682
f 644 682 19
f 146 202 75
f 290 387 481
f 1300 69 15
f 821 1023 936
f 666 707 36
f 355 1281 431
f 1299 1181 1249
f 666 805 836
f 666 836 805
f 862 586 49
f 862 619 586
f 793 1017 783
f 401 476 491
f 1178 1111 539
f 1178 539 1111
f 525 514 910
f 683 682 646
f 683 646 682
f 54 120 1065
f 54 1065 120
f 1288 465 384
f 1192 408 1122
f 147 202 291
f 147 291 202
f 912 511 918
f 587 592 615
f 1025 1119 711
f 163 162 1075
f 164 276 128
f 219 8 164
f 219 164 8
f 147 291 606
f 763 506 881
f 355 1133 1170
f 327 326 429
f 1098 1097 641
f 1098 641 1097
f 264 881 506
f 1176 1160 1146
f 325 115 427
f 325 427 115
f 1176 1146 1160
f 189 1065 121
f 85 84 29
f 189 121 1065
f 1156 1132 1144
f 715 755 713
f 715 713 755
f 595 586 594
f 1066 121 1065
f 1066 1065 121
f 99 677 1052
f 1086 1107 1076
f 1086 1076 1107
f 1052 47 860
f 426 344 303
f 1052 860 47
f 675 1292 1291
f 1052 47 6
f 422 310 429
f 1052 6 47
f 625 590 46
f 87 575 142
f 715 714 1127
f 601 590 239
f 189 47 119
f 97 98 178
f 97 178 98
f 782 980 1015
f 1051 681 1085
f 1051 95 1085
f 1051 1085 95
f 1055 49 862
f 450 845 865
f 1052 1051 859
f 1052 859 1051
f 625 46 859
f 941 452 993
f 1208 1168 1124
f 1208 1124 1168
f 1074 1085 95
f 497 360 397
f 1074 95 1085
f 689 816 639
f 694 1295 2
f 1052 46 6
f 1074 162 1075
f 189 119 95
f 1153 936 1023
f 1213 553 1217
f 1067 1099 1088
f 1067 1088 1099
f 130 172 126
f 121 95 163
f 161 5 95
f 563 1219 570
f 674 630 16
f 413 366 467
f 413 467 366
f 1066 163 1075
f 132 53 190
f 132 190 53
f 772 810 634
f 797 672 770
f 792 525 1004
f 955 639 816
f 1097 1074 1085
f 1097 1085 1074
f 23 24 77
f 304 787 533
f 1097 1074 1065
f 1097 1065 1074
f 17 654 70
f 47 118 5
f 47 5 118
f 587 615 623
f 421 322 435
f 13 161 119
f 985 998 730
f 671 633 853
f 6 46 5
f 511 1050 2
f 1175 576 1225
f 1242 1064 1228
f 270 222 372
f 759 933 905
f 270 372 222
f 1167 351 350
f 1167 350 351
f 1245 1203 546
f 1291 678 1252
f 920 523 1005
f 507 1149 729
f 777 680 815
f 1250 759 1247
f 736 727 1038
f 736 1038 727
f 800 635 673
f 820 948 456
f 1180 561 1130
f 365 221 466
f 365 466 221
f 665 809 831
f 845 815 637
f 738 729 84
f 570 745 88
f 1215 1152 556
f 1053 7 925
f 555 751 1120
f 867 638 857
f 1116 1012 795
f 1067 1079 185
f 17 704 811
f 17 811 704
f 847 58 856
f 1082 676 545
f 1082 545 676
f 1198 331 1243
f 1 155 109
f 1122 408 484
f 349 1157 889
f 349 889 1157
f 667 833 35
f 888 1026 902
f 1082 1094 676
f 1082 676 1094
f 96 1079 1088
f 96 1054 608
f 427 1106 1073
f 1270 234 1211
f 427 1073 1106
f 915 533 787
f 112 1079 1067
f 1253 1065 1097
f 1253 1097 1065
f 377 538 311
f 843 459 524
f 377 311 538
f 283 380 1179
f 1176 1146 1112
f 1176 1112 1146
f 1204 1064 1242
f 561 1130 1221
f 561 1221 1130
f 283 380 252
f 97 98 180
f 413 429 310
f 97 180 98
f 683 682 642
f 683 642 682
f 328 325 43
f 1293 1084 1073
f 778 909 1002
f 396 227 474
f 148 294 237
f 911 455 848
f 867 652 638
f 1242 1095 547
f 982 722 927
f 650 856 846
f 622 871 1059
f 1055 21 606
f 1210 1271 577
f 181 133 114
f 187 116 194
f 727 1038 1146
f 649 680 776
f 727 1146 1038
f 1097 1084 641
f 1097 641 1084
f 340 440 439
f 723 733 948
f 340 439 440
f 316 483 395
f 651 857 1050
f 469 415 246
f 651 866 867
f 469 246 415
f 230 277 278
f 54 866 1056
f 42 3 857
f 416 127 200
f 42 857 3
f 977 802 1221
f 913 815 845
f 572 1143 1212
f 204 1091 1095
f 905 976 1037
f 905 1037 976
f 1005 523 1002
f 445 335 344
f 1086 1107 548
f 1086 548 1107
f 1020 548 1107
f 327 1064 1242
f 188 860 47
f 651 867 857
f 568 1214 1325
f 462 844 879
f 784 526 1013
f 1066 1076 1075
f 1164 1130 1175
f 1164 1175 1130
f 436 157 328
f 97 8 178
f 97 178 8
f 809 771 635
f 785 778 816
f 785 816 778
f 612 30 623
f 204 1142 1204
f 911 848 778
f 1003 734 723
f 85 623 30
f 469 246 604
f 469 604 246
f 1311 1262 1323
f 85 30 623
f 956 1033 833
f 907 889 973
f 1273 212 285
f 398 365 466
f 1254 56 121
f 398 466 365
f 1060 98 691
f 365 880 583
f 365 583 880
f 595 221 466
f 595 466 221
f 601 602 590
f 1207 1244 1145
f 844 308 412
f 880 762 618
f 880 618 762
f 654 674 634
f 450 55 113
f 654 634 674
f 1165 347 890
f 1165 890 347
f 1021 511 2
f 957 460 1001
f 384 363 1313
f 460 520 1000
f 460 1000 520
f 436 115 157
f 96 190 864
f 329 136 137
f 1020 1107 1294
f 715 1127 1157
f 1232 283 1179
f 1165 1127 714
f 269 587 598
f 957 835 460
f 676 677 654
f 609 595 894
f 609 894 595
f 676 654 677
f 1241 946 1310
f 331 356 1169
f 1082 772 676
f 124 125 275
f 1020 775 548
f 331 434 356
f 698 797 770
f 663 1307 1304
f 148 1091 98
f 231 278 277
f 327 428 326
f 153 1085 1274
f 607 593 293
f 513 521 909
f 422 429 326
f 1133 498 1170
f 644 682 685
f 607 293 1052
f 644 685 682
f 809 635 673
f 18 72 618
f 809 673 635
f 934 906 760
f 18 618 72
f 1315 287 1312
f 795 918 309
f 999 1007 1113
f 413 310 467
f 1151 1186 1150
f 1251 648 188
f 92 195 116
f 91 37 718
f 983 1033 973
f 855 860 188
f 1194 789 822
f 1194 822 789
f 823 1195 788
f 840 1194 409
f 1222 577 1226
f 772 1111 999
f 204 1229 1270
f 772 999 1111
f 149 1211 573
f 293 6 1052
f 854 876 38
f 422 326 310
f 422 310 326
f 1218 1156 571
f 1218 571 1156
f 903 970 890
f 675 1291 783
f 675 783 1291
f 1058 856 846
f 1301 91 1300
f 1301 1300 91
f 1017 3 512
f 612 82 30
f 571 1144 1210
f 78 693 656
f 693 30 656
f 1114 954 1238
f 442 443 171
f 1005 1002 521
f 207 75 146
f 49 584 621
f 435 322 134
f 963 517 992
f 738 1214 964
f 1151 1261 1180
f 738 964 1214
f 1094 654 676
f 1242 1197 1237
f 1094 676 654
f 953 1009 1010
f 339 126 270
f 675 1089 1292
f 339 270 126
f 622 610 600
f 83 696 28
f 1204 1095 1142
f 1072 1291 1067
f 1163 1237 550
f 979 906 524
f 1318 307 411
f 1044 970 890
f 1044 890 970
f 81 608 1054
f 397 289 93
f 1102 1083 658
f 715 1157 1034
f 458 63 927
f 747 981 708
f 1143 1162 1172
f 207 146 1272
f 578 1224 144
f 207 1272 146
f 1137 491 392
f 994 944 788
f 1059 853 871
f 148 1229 204
f 204 1095 1228
f 1270 1229 234
f 1242 114 1064
f 734 722 733
f 10 530 897
f 365 583 263
f 365 263 583
f 1090 1078 1104
f 1069 1244 1173
f 1069 1173 1244
f 496 421 333
f 1140 1125 485
f 1175 413 366
f 759 891 1247
f 364 343 466
f 593 263 215
f 593 215 263
f 1147 1114 1011
f 42 2 1050
f 1091 191 180
f 841 512 919
f 284 241 285
f 18 71 72
f 3 1049 678
f 18 72 71
f 907 973 1001
f 947 772 811
f 947 811 772
f 1209 570 144
f 686 655 688
f 686 688 655
f 538 1112 548
f 538 548 1112
f 231 277 378
f 176 434 330
f 1283 233 1282
f 356 1169 1210
f 356 1210 1169
f 793 1017 512
f 327 429 114
f 1117 483 407
f 47 118 6
f 1288 361 1313
f 47 6 118
f 1288 1313 361
f 85 615 623
f 85 623 615
f 538 548 1107
f 538 1107 548
f 1293 1018 1084
f 1293 1084 1018
f 676 1084 781
f 237 1229 1268
f 791 1007 1047
f 1065 1074 162
f 1065 162 1074
f 311 1107 430
f 311 430 1107
f 636 800 669
f 264 585 216
f 9 52 172
f 1018 1073 1106
f 54 120 184
f 54 184 120
f 184 120 159
f 927 63 605
f 184 159 120
f 1176 1112 538
f 1176 538 1112
f 1176 1131 1160
f 1176 1160 1131
f 1204 1142 1064
f 1078 133 1068
f 1228 1095 1064
f 283 508 380
f 1171 327 1242
f 549 1087 783
f 1175 489 1130
f 770 672 807
f 1175 366 489
f 159 427 1073
f 159 1073 427
f 327 429 413
f 17 72 151
f 1162 1136 1172
f 895 926 905
f 28 739 718
f 178 291 216
f 204 1204 1095
f 183 1068 133
f 183 133 1068
f 759 489 390
f 855 648 1251
f 1151 1180 1186
f 463 417 340
f 153 86 1051
f 23 700 807
f 1298 1186 1183
f 1145 709 821
f 1183 1258 1246
f 1188 1247 1183
f 327 413 1197
f 327 1197 413
f 955 816 455
f 1134 497 413
f 858 816 639
f 858 639 816
f 495 1129 1128
f 820 65 865
f 396 1122 484
f 396 484 1122
f 861 619 621
f 1257 858 63
f 982 1037 722
f 969 703 740
f 1046 1300 939
f 346 1152 1215
f 1078 236 1269
f 793 1017 919
f 793 919 1017
f 870 623 871
f 1169 1210 1144
f 926 948 733
f 298 244 141
f 1066 1076 120
f 130 10 169
f 295 1274 240
f 1066 120 1076
f 693 818 706
f 689 785 816
f 1060 622 600
f 1195 532 1191
f 1254 1076 1066
f 149 1270 1211
f 1108 1242 547
f 743 706 1036
f 912 918 526
f 1013 918 795
f 150 1088 1079
f 28 31 84
f 1066 1096 1086
f 784 1013 1020
f 967 702 1022
f 860 95 1051
f 529 337 438
f 784 1020 914
f 1204 1242 1095
f 177 593 6
f 177 6 593
f 326 511 446
f 874 64 842
f 179 435 134
f 667 35 812
f 640 679 1083
f 690 650 1057
f 980 1045 975
f 690 1057 650
f 571 577 145
f 327 1242 1197
f 327 1197 1242
f 690 774 1057
f 240 1274 163
f 690 650 774
f 306 532 410
f 950 706 818
f 950 818 706
f 98 191 1091
f 693 692 657
f 1014 977 802
f 1014 802 977
f 1012 794 795
f 1292 1255 660
f 54 1253 866
f 772 1111 546
f 772 546 1111
f 984 1044 1027
f 1018 1106 546
f 1065 159 120
f 496 1200 421
f 1065 120 159
f 1006 548 1112
f 1006 1112 548
f 269 592 587
f 1167 350 1119
f 1146 1160 1038
f 1146 1038 1160
f 787 515 987
f 195 117 116
f 195 116 117
f 328 117 195
f 468 366 467
f 328 195 117
f 377 311 469
f 1289 477 247
f 377 469 311
f 469 311 415
f 469 415 311
f 739 930 729
f 739 729 930
f 355 1286 358
f 377 469 391
f 9 924 527
f 377 391 469
f 328 447 115
f 698 1303 664
f 1141 568 404
f 356 1210 1287
f 356 1287 1210
f 1151 1184 1261
f 1301 69 154
f 785 680 816
f 849 853 633
f 1187 1249 1181
f 1215 556 575
f 147 606 76
f 932 1260 904
f 194 116 45
f 207 147 76
f 791 539 920
f 1191 554 534
f 197 101 107
f 730 806 837
f 603 895 468
f 468 310 367
f 468 367 310
f 1222 1159 1044
f 468 390 366
f 407 304 1190
f 1207 821 1103
f 818 1095 706
f 818 640 1095
f 1202 411 1308
f 1018 1106 427
f 1250 1130 489
f 1018 427 1106
f 305 409 1194
f 927 605 904
f 175 99 188
f 985 730 837
f 605 63 604
f 288 1325 244
f 875 604 45
f 875 45 604
f 55 65 873
f 65 603 873
f 65 456 926
f 82 656 30
f 737 35 721
f 1086 775 679
f 820 456 65
f 777 813 680
f 341 131 51
f 777 774 813
f 926 733 976
f 83 693 31
f 1037 976 722
f 738 739 729
f 78 671 25
f 764 624 508
f 689 814 776
f 1294 1107 1076
f 1116 547 775
f 331 423 320
f 1108 309 428
f 898 479 382
f 775 547 679
f 85 670 30
f 85 30 670
f 460 835 851
f 784 1056 1050
f 961 802 825
f 11 1056 914
f 857 1049 3
f 25 671 632
f 587 52 871
f 1004 910 774
f 398 365 487
f 650 813 774
f 398 487 365
f 1091 191 1102
f 1091 1102 191
f 154 1267 1276
f 1005 909 521
f 1005 521 909
f 81 686 150
f 1163 1036 1142
f 531 1196 412
f 818 640 679
f 818 679 640
f 256 272 301
f 816 680 778
f 507 482 379
f 732 577 984
f 650 817 778
f 507 379 482
f 1058 909 856
f 622 871 52
f 1066 1076 1096
f 1244 352 108
f 875 45 116
f 1165 1135 1157
f 503 250 426
f 175 188 132
f 875 246 604
f 312 414 427
f 1273 285 1173
f 820 1003 948
f 312 427 414
f 705 35 745
f 831 635 800
f 956 833 1001
f 705 812 35
f 953 1010 1239
f 667 812 833
f 617 1052 859
f 617 859 1052
f 271 370 258
f 1108 544 309
f 824 844 412
f 925 460 851
f 1232 380 283
f 755 790 559
f 1165 714 758
f 85 729 739
f 1196 308 412
f 1196 412 308
f 985 750 998
f 1165 347 1159
f 602 625 590
f 325 115 43
f 1045 745 975
f 975 570 144
f 431 136 329
f 1219 975 144
f 522 919 1004
f 898 602 479
f 972 1153 1023
f 129 587 60
f 1198 1169 1243
f 1165 1157 1127
f 1000 790 974
f 1000 974 520
f 487 559 1126
f 487 1126 559
f 923 1005 521
f 720 1044 732
f 601 614 1051
f 1077 1064 182
f 720 732 1044
f 571 145 90
f 777 815 774
f 357 1212 1172
f 529 308 917
f 595 619 586
f 747 746 708
f 747 708 746
f 253 626 766
f 609 619 595
f 9 1048 924
f 102 156 217
f 755 559 1126
f 30 632 670
f 30 670 632
f 609 7 1053
f 383 264 509
f 17 151 206
f 950 706 1036
f 950 1036 706
f 732 1044 984
f 1315 246 92
f 732 984 1044
f 426 303 411
f 772 676 654
f 772 654 676
f 855 1253 648
f 231 1210 278
f 855 648 1253
f 1251 867 652
f 1192 531 315
f 584 606 621
f 1067 57 135
f 188 99 185
f 1133 1199 1161
f 536 1193 535
f 752 1120 711
f 112 185 1079
f 377 538 1176
f 980 705 1045
f 319 922 542
f 601 282 591
f 377 1176 538
f 887 901 900
f 541 432 320
f 450 424 512
f 1243 1156 1236
f 23 807 631
f 1198 1243 1132
f 1243 1169 1132
f 1021 2 1295
f 1133 498 420
f 269 239 129
f 231 1271 1210
f 269 129 239
f 792 783 549
f 720 618 762
f 759 390 933
f 720 762 618
f 1069 1076 1107
f 675 1292 1080
f 922 514 525
f 87 702 34
f 563 1286 399
f 1321 1256 15
f 355 431 334
f 1060 870 622
f 271 373 473
f 1251 652 648
f 847 856 910
f 792 783 1019
f 792 1019 783
f 607 677 1052
f 607 1052 677
f 72 677 607
f 72 607 677
f 861 619 646
f 861 646 619
f 624 602 613
f 624 613 602
f 17 71 72
f 17 72 71
f 151 677 1092
f 151 1092 677
f 730 958 806
f 17 206 654
f 963 1024 901
f 811 772 654
f 811 654 772
f 999 1111 1007
f 744 1041 704
f 744 704 1041
f 855 188 648
f 269 213 592
f 96 292 185
f 507 729 765
f 1067 1088 1079
f 492 299 393
f 1067 1079 1088
f 150 1079 185
f 112 135 1063
f 146 75 746
f 675 549 783
f 899 213 382
f 448 58 449
f 448 449 58
f 823 788 944
f 979 1039 893
f 448 846 58
f 449 137 58
f 331 320 432
f 142 742 569
f 142 569 742
f 331 432 330
f 994 516 944
f 355 498 1133
f 381 375 476
f 183 1080 1070
f 355 399 1286
f 448 58 330
f 1209 247 1286
f 1274 1074 163
f 1134 413 1197
f 438 343 308
f 229 277 1286
f 477 1224 1129
f 1177 376 1128
f 153 1274 1234
f 1177 1128 1226
f 1222 1226 1128
f 316 407 483
f 1297 1184 1150
f 1248 1319 1249
f 864 1104 193
f 132 119 61
f 792 1004 793
f 432 448 330
f 1065 120 162
f 1065 162 120
f 1156 1144 1169
f 269 239 282
f 1044 890 1159
f 96 608 292
f 1044 1159 890
f 744 571 90
f 549 1238 542
f 675 1292 783
f 675 783 1292
f 607 593 583
f 607 583 593
f 79 24 23
f 1311 958 1182
f 644 707 19
f 877 453 66
f 1077 1091 180
f 232 397 1283
f 1077 180 1091
f 861 619 1053
f 300 394 103
f 864 655 1054
f 53 118 4
f 739 718 729
f 739 729 718
f 719 703 33
f 1253 1097 648
f 1253 648 1097
f 90 33 703
f 53 118 47
f 53 47 118
f 897 530 441
f 1305 1241 1306
f 708 1043 1162
f 1055 76 606
f 744 90 71
f 1055 606 76
f 744 71 90
f 330 58 137
f 675 1087 687
f 688 655 1055
f 326 428 511
f 74 76 21
f 189 95 121
f 159 115 427
f 159 427 115
f 332 424 450
f 321 919 424
f 235 1212 1285
f 279 1282 233
f 1274 1085 1074
f 470 342 368
f 232 435 179
f 622 626 610
f 280 235 279
f 1283 279 233
f 486 404 505
f 840 454 822
f 96 185 175
f 234 280 279
f 234 279 1284
f 237 1231 281
f 260 224 126
f 561 1261 1221
f 1188 1180 1247
f 237 281 1229
f 784 914 1056
f 1229 281 1231
f 1089 1080 1292
f 1292 183 3
f 450 113 44
f 450 44 113
f 747 1009 981
f 134 326 196
f 327 310 429
f 674 16 70
f 525 910 1004
f 1315 1312 250
f 1171 1242 1142
f 625 39 590
f 1166 350 1167
f 295 1051 614
f 1204 1142 1242
f 654 677 674
f 232 289 397
f 980 1009 1015
f 772 545 546
f 782 707 819
f 49 4 586
f 983 1158 1220
f 150 292 608
f 150 686 1088
f 880 583 618
f 880 618 583
f 49 8 4
f 572 708 1143
f 517 987 992
f 282 213 242
f 282 242 213
f 178 8 291
f 687 1099 655
f 47 1051 5
f 628 1256 1303
f 1011 1114 549
f 148 237 1268
f 953 1239 1162
f 1137 567 566
f 1078 1068 182
f 377 490 391
f 377 391 490
f 497 1284 360
f 1044 890 762
f 497 397 310
f 1044 762 890
f 234 1229 280
f 1078 1269 182
f 1078 97 180
f 750 710 769
f 1207 1235 1244
f 98 1091 1102
f 98 1102 191
f 98 191 1102
f 765 729 1149
f 1011 1017 793
f 1011 783 1017
f 25 622 870
f 332 450 134
f 422 873 196
f 332 134 450
f 1134 1242 1171
f 1115 1200 1239
f 496 333 357
f 1316 411 1317
f 1316 1317 411
f 310 367 467
f 1008 951 952
f 622 1059 611
f 1016 1311 1310
f 898 624 602
f 507 380 508
f 507 508 380
f 994 902 516
f 1232 1273 208
f 738 1149 579
f 1290 1208 1223
f 738 579 1149
f 392 491 475
f 1204 706 1095
f 897 935 882
f 401 761 935
f 1145 574 749
f 565 499 401
f 465 1174 362
f 465 362 1174
f 844 917 308
f 1137 567 565
f 612 623 615
f 298 257 244
f 622 611 626
f 260 106 168
f 691 869 658
f 691 658 869
f 915 515 787
f 676 810 634
f 1060 869 691
f 1060 691 869
f 676 634 810
f 130 276 169
f 1060 656 870
f 1069 162 1075
f 1069 1075 162
f 568 403 1278
f 691 1091 658
f 22 640 693
f 164 160 118
f 184 430 328
f 295 240 163
f 184 328 430
f 153 1274 295
f 424 919 512
f 1074 162 163
f 1074 163 162
f 1254 1066 1096
f 316 340 417
f 316 417 340
f 51 9 131
f 239 5 160
f 695 547 775
f 1274 162 1074
f 1069 285 1233
f 286 363 354
f 603 468 245
f 1069 1244 1207
f 955 455 64
f 1093 1075 1103
f 270 168 106
f 1301 1300 663
f 1301 1276 91
f 161 160 5
f 962 517 901
f 545 676 781
f 282 598 589
f 612 615 627
f 693 657 31
f 830 636 941
f 1097 1073 1084
f 210 593 6
f 1097 1084 1073
f 486 1140 504
f 1288 384 259
f 1288 259 384
f 738 84 579
f 828 629 719
f 849 924 1048
f 725 836 36
f 84 729 29
f 986 807 990
f 284 283 1232
f 1093 1096 100
f 1093 100 1096
f 13 118 160
f 1163 550 802
f 687 662 1100
f 54 652 1253
f 67 876 854
f 59 118 13
f 692 656 82
f 23 78 743
f 897 882 929
f 10 1059 871
f 269 129 60
f 612 692 82
f 453 941 1302
f 612 623 656
f 328 117 325
f 328 325 117
f 129 276 588
f 493 418 394
f 566 567 1139
f 742 1028 965
f 129 588 60
f 588 52 60
f 285 162 108
f 232 1283 1282
f 130 169 228
f 693 640 656
f 598 587 623
f 241 162 285
f 241 285 162
f 657 1103 821
f 828 798 673
f 696 769 710
f 738 91 1276
f 657 1086 1103
f 694 1050 2
f 694 2 1050
f 1093 1086 1096
f 865 845 637
f 657 658 679
f 282 239 598
f 1315 391 469
f 588 276 52
f 282 884 382
f 282 242 591
f 242 382 479
f 1078 182 1077
f 657 821 709
f 883 382 884
f 283 1234 209
f 283 209 1234
f 284 241 1274
f 1232 1273 1233
f 284 1232 241
f 1145 1213 574
f 152 574 1213
f 153 32 209
f 231 478 376
f 231 376 478
f 624 32 614
f 1245 1073 1062
f 624 614 32
f 1232 1149 1179
f 1232 1179 1149
f 864 193 8
f 235 1272 1212
f 1209 563 570
f 507 765 1149
f 691 658 656
f 607 617 593
f 692 656 658
f 1207 1244 548
f 692 658 1061
f 1311 1297 1262
f 869 100 1061
f 83 750 693
f 964 1214 900
f 97 8 193
f 80 656 691
f 486 1125 1140
f 398 559 537
f 441 169 476
f 398 537 559
f 1093 163 1075
f 407 483 1190
f 407 1190 483
f 100 1096 121
f 53 8 118
f 712 1120 752
f 477 1129 495
f 192 121 1096
f 192 1096 121
f 266 597 585
f 8 164 118
f 219 597 8
f 219 8 597
f 1060 600 610
f 855 132 61
f 1108 1081 186
f 741 740 771
f 1252 638 1255
f 1193 484 406
f 907 1034 889
f 1254 121 1066
f 917 790 1000
f 187 287 92
f 186 42 2
f 738 91 718
f 756 567 1139
f 756 1139 567
f 675 1255 1292
f 675 1292 1255
f 1147 1010 1114
f 882 761 383
f 178 294 216
f 691 98 1091
f 98 138 191
f 298 141 1071
f 1300 801 697
f 204 1095 640
f 691 640 1091
f 237 1269 1231
f 610 294 98
f 756 717 1139
f 756 1139 717
f 855 1253 56
f 855 56 1253
f 54 56 1253
f 54 1253 56
f 1020 1294 775
f 350 482 1119
f 119 47 118
f 772 546 810
f 486 1174 1125
f 611 766 626
f 59 119 118
f 7 529 925
f 59 118 53
f 59 53 118
f 864 190 53
f 864 53 190
f 494 373 472
f 383 881 264
f 494 472 373
f 132 47 119
f 132 119 47
f 1091 1102 658
f 860 1051 47
f 1078 138 1070
f 598 627 589
f 1089 1101 1090
f 624 209 252
f 624 252 209
f 1090 1078 1101
f 1090 1101 1078
f 1089 1080 1068
f 1108 1021 547
f 219 266 276
f 219 276 266
f 1064 1083 1095
f 1078 1070 1104
f 1077 1095 1091
f 182 133 139
f 1253 648 652
f 866 659 872
f 857 1050 2
f 866 694 659
f 1269 1272 1231
f 1211 400 1134
f 112 1251 1063
f 112 1063 1251
f 445 344 402
f 675 1099 660
f 153 295 614
f 589 615 930
f 855 1251 62
f 675 1252 660
f 675 660 1252
f 80 148 24
f 454 854 636
f 675 1087 1099
f 1042 954 980
f 1091 1095 1102
f 962 987 517
f 695 1086 679
f 610 626 253
f 602 591 883
f 602 883 591
f 1 109 39
f 294 253 264
f 381 896 475
f 715 1034 755
f 381 585 881
f 1016 806 971
f 178 216 8
f 1016 971 806
f 1288 361 1279
f 97 193 180
f 1076 1107 430
f 1076 430 1107
f 567 392 934
f 87 1322 1263
f 331 330 434
f 695 1083 547
f 855 112 188
f 356 1280 230
f 762 890 758
f 855 61 119
f 762 758 890
f 182 186 114
f 687 1087 1089
f 874 194 45
f 264 506 251
f 112 1251 1067
f 242 213 260
f 242 260 213
f 761 499 760
f 1251 652 57
f 867 57 638
f 867 638 57
f 784 1021 1295
f 421 435 333
f 784 1295 694
f 1020 694 1294
f 477 378 277
f 11 1294 694
f 54 11 866
f 385 473 217
f 385 217 473
f 1088 686 1099
f 1251 1253 652
f 1232 208 1149
f 1232 1149 208
f 96 1088 1099
f 1030 1322 34
f 675 1080 1089
f 570 88 144
f 694 1050 659
f 22 149 204
f 1070 42 139
f 940 1256 1024
f 269 129 52
f 917 1000 520
f 1070 1255 42
f 1067 1252 1099
f 869 658 1096
f 1066 121 1096
f 1254 661 1096
f 1212 1272 146
f 1254 1096 661
f 985 806 1046
f 531 537 1196
f 1301 91 37
f 1241 1202 1308
f 426 307 1318
f 436 328 117
f 436 117 328
f 1173 553 1213
f 396 315 484
f 396 484 315
f 1140 351 504
f 298 158 257
f 94 323 290
f 539 1111 546
f 539 546 1111
f 1081 1064 186
f 950 1036 802
f 950 802 1036
f 1016 1032 971
f 1016 971 1032
f 1066 120 1065
f 1066 1065 120
f 243 287 290
f 1232 1179 380
f 840 67 454
f 749 1217 972
f 806 832 1046
f 102 297 385
f 536 1123 1193
f 248 465 384
f 189 95 860
f 248 384 465
f 714 1126 758
f 714 758 1126
f 1207 821 936
f 275 125 343
f 784 912 526
f 454 997 519
f 486 362 1174
f 839 877 198
f 586 4 594
f 262 593 215
f 262 215 593
f 1233 1273 1213
f 854 877 66
f 356 434 1280
f 1216 1154 965
f 898 602 242
f 898 242 602
f 186 511 428
f 1166 1167 351
f 590 5 46
f 787 962 751
f 736 977 1038
f 736 1038 977
f 1150 1038 1184
f 1150 1184 1038
f 730 1032 958
f 786 743 961
f 1262 1320 1323
f 741 702 967
f 601 5 590
f 1296 1032 977
f 271 258 373
f 1208 388 558
f 1030 1263 1322
f 1251 1252 1067
f 1046 832 801
f 1046 801 832
f 568 1325 288
f 750 743 786
f 1217 553 1118
f 698 664 797
f 1314 464 244
f 693 821 657
f 686 1100 662
f 507 380 1149
f 1105 1071 1267
f 422 196 468
f 738 143 91
f 730 802 1032
f 808 635 771
f 148 1095 1091
f 323 387 290
f 1189 538 311
f 1189 311 538
f 692 870 623
f 1062 1073 1084
f 1148 580 1227
f 1178 1148 1111
f 1178 1111 1148
f 328 415 195
f 328 195 415
f 742 701 1028
f 35 88 745
f 1301 37 1300
f 1290 248 1208
f 175 185 99
f 503 391 250
f 387 1279 361
f 243 361 286
f 243 286 361
f 200 127 103
f 503 426 1248
f 188 47 132
f 1318 411 1317
f 1290 465 248
f 1066 1075 162
f 749 709 710
f 1232 283 1234
f 1192 1123 559
f 903 758 960
f 840 409 197
f 557 1123 552
f 557 552 1123
f 94 187 194
f 557 1123 536
f 536 535 1194
f 1192 1193 1123
f 1290 1208 142
f 764 883 508
f 1193 406 535
f 764 508 883
f 1134 400 497
f 386 370 217
f 487 758 1126
f 487 1126 758
f 1069 1075 1076
f 262 275 263
f 257 1314 244
f 676 634 674
f 595 594 263
f 676 674 634
f 140 160 261
f 140 261 160
f 263 275 221
f 968 888 346
f 1155 346 1029
f 204 1228 1064
f 148 204 203
f 1030 959 1026
f 965 1028 1022
f 408 343 315
f 941 988 800
f 658 1083 679
f 965 1154 1028
f 673 798 669
f 712 554 1120
f 1029 886 757
f 1029 757 886
f 581 593 617
f 453 1302 66
f 996 741 768
f 996 768 741
f 558 1216 569
f 625 1051 614
f 940 664 1256
f 1145 1173 1213
f 1155 485 346
f 1097 1085 681
f 1097 681 1085
f 997 799 828
f 209 32 86
f 944 516 452
f 602 1 613
f 902 1026 959
f 994 993 518
f 1288 388 1208
f 993 452 516
f 945 831 800
f 968 1215 731
f 997 943 829
f 574 91 143
f 507 350 482
f 507 482 350
f 385 483 405
f 1309 1320 1316
f 931 757 753
f 931 753 757
f 897 441 476
f 1078 182 236
f 442 314 174
f 741 967 1028
f 741 1028 967
f 372 472 439
f 372 439 472
f 978 735 1039
f 260 168 224
f 124 267 168
f 124 168 267
f 375 491 476
f 372 373 472
f 372 472 373
f 1 39 40
f 1 40 39
f 1166 900 1214
f 426 411 307
f 1078 180 182
f 885 1264 900
f 249 402 287
f 1143 1172 1212
f 463 451 838
f 91 1264 69
f 1254 695 1294
f 463 849 451
f 827 797 664
f 986 990 939
f 588 870 622
f 78 25 693
f 749 574 1217
f 871 1048 52
f 994 966 902
f 49 597 584
f 23 743 700
f 1276 1267 1325
f 130 269 52
f 731 575 87
f 85 615 670
f 710 1300 1046
f 1149 350 1166
f 78 693 743
f 304 533 1190
f 753 788 554
f 402 344 287
f 1244 1235 1189
f 306 385 405
f 270 168 223
f 270 223 168
f 380 508 252
f 963 940 1024
f 1283 360 279
f 985 1046 990
f 23 631 78
f 588 622 52
f 692 1061 870
f 1167 1025 887
f 1032 802 977
f 692 870 1061
f 184 120 1076
f 184 1076 120
f 877 410 198
f 272 373 371
f 985 710 750
f 877 198 410
f 985 750 710
f 538 311 1107
f 538 1107 311
f 1131 1160 1181
f 1131 1181 1160
f 425 323 312
f 663 1304 69
f 1301 663 69
f 411 303 335
f 1245 1062 1203
f 1304 1307 154
f 243 286 249
f 1309 1310 1311
f 328 117 447
f 328 447 117
f 1309 1311 1323
f 425 1201 1124
f 384 465 389
f 1147 728 1010
f 1147 1010 728
f 502 402 249
f 1141 504 403
f 504 568 403
f 504 403 568
f 887 962 901
f 738 579 143
f 1016 1032 958
f 1016 958 1032
f 503 1248 1319
f 9 10 52
f 1207 1086 548
f 503 1319 1248
f 1207 548 1086
f 693 657 640
f 110 876 197
f 101 217 156
f 262 263 215
f 784 775 1021
f 454 943 997
f 839 410 1195
f 947 772 999
f 947 999 772
f 189 121 163
f 1240 1028 1154
f 1240 1154 1028
f 876 41 877
f 951 834 836
f 969 995 771
f 829 673 798
f 829 798 673
f 454 67 854
f 1167 1155 482
f 1051 5 46
f 1051 46 5
f 624 883 591
f 1029 888 902
f 808 719 629
f 1305 832 946
f 1208 558 1124
f 1129 1224 560
f 1208 1124 558
f 839 944 453
f 791 1047 539
f 226 262 140
f 809 702 771
f 1 40 155
f 1 155 40
f 282 602 591
f 898 883 602
f 898 602 883
f 788 534 554
f 1077 182 180
f 712 752 1119
f 551 1120 752
f 551 752 1120
f 962 1025 711
f 304 417 838
f 50 844 460
f 519 960 989
f 1167 887 351
f 28 718 37
f 986 770 807
f 1129 1157 488
f 581 6 593
f 692 623 656
f 630 1052 859
f 1245 1084 1062
f 1245 1062 1084
f 676 810 1203
f 1201 1240 1124
f 1227 580 1240
f 184 115 159
f 184 159 115
f 736 950 802
f 736 802 950
f 736 727 950
f 736 950 727
f 1315 250 391
f 1248 1249 391
f 507 1179 380
f 503 1248 391
f 1199 420 542
f 1181 1249 490
f 1181 490 1249
f 1207 679 821
f 398 487 559
f 94 414 323
f 398 559 487
f 1167 482 350
f 1181 1160 1150
f 1181 1150 1160
f 1300 15 1303
f 78 743 83
f 860 681 1051
f 78 83 696
f 1016 1310 946
f 1299 1249 1319
f 1016 806 958
f 28 696 710
f 663 1105 1307
f 248 1288 1208
f 1262 1299 1324
f 1297 1182 1184
f 501 388 353
f 507 1149 1166
f 187 92 1315
f 1301 154 1276
f 187 1315 92
f 1214 1276 1325
f 576 1221 802
f 1273 1213 574
f 284 212 1273
f 241 1234 1274
f 880 762 758
f 880 758 762
f 1223 1174 465
f 1316 1318 1317
f 829 798 799
f 727 1006 950
f 648 1098 1097
f 648 1097 1098
f 727 950 1006
f 1105 1306 1308
f 249 286 354
f 1256 664 1303
f 502 1314 257
f 1105 1308 1071
f 312 539 1106
f 312 1106 539
f 899 930 615
f 1153 1118 1189
f 454 519 789
f 241 1274 1074
f 810 546 1203
f 739 615 930
f 1148 1111 580
f 1065 159 1073
f 1065 1073 159
f 1296 1184 977
f 1296 977 1184
f 194 325 117
f 194 117 325
f 945 800 988
f 377 1176 490
f 1257 814 639
f 377 490 1176
f 1296 1184 1182
f 750 786 998
f 958 1032 1182
f 663 697 801
f 985 710 1046
f 630 677 1052
f 985 1046 710
f 730 998 825
f 1304 154 69
f 1305 1306 1105
f 693 706 786
f 501 387 323
f 451 938 992
f 808 809 771
f 808 771 809
f 250 1312 426
f 1166 1214 1278
f 364 124 275
f 1105 1267 1307
f 364 275 124
f 1141 404 486
f 288 244 404
f 445 502 257
f 112 62 1251
f 199 335 111
f 445 111 335
f 1069 1244 108
f 1069 1107 1244
f 1069 108 162
f 599 897 929
f 709 972 1023
f 130 9 172
f 80 691 1091
f 708 746 707
f 1207 1086 679
f 284 285 212
f 1173 285 352
f 408 315 308
f 929 882 766
f 1273 1173 1213
f 779 679 818
f 779 818 679
f 92 246 195
f 1244 1189 1118
f 967 1028 942
f 102 410 198
f 271 473 217
f 305 296 101
f 305 386 296
f 964 1214 1264
f 964 1264 1214
f 1016 958 1311
f 471 370 474
f 356 230 278
f 373 258 222
f 471 474 369
f 1196 308 537
f 1196 537 308
f 903 890 960
f 903 960 890
f 970 519 997
f 110 198 877
f 840 197 876
f 305 101 197
f 747 1015 1009
f 102 107 156
f 557 714 1126
f 80 25 656
f 484 386 406
f 1192 537 531
f 258 370 222
f 315 343 369
f 996 967 942
f 693 750 786
f 1089 1068 1101
f 583 263 593
f 583 593 263
f 398 308 466
f 398 466 308
f 22 77 149
f 590 39 109
f 396 484 369
f 598 612 627
f 903 890 758
f 676 677 641
f 56 121 189
f 676 641 677
f 654 674 70
f 744 703 1041
f 153 209 86
f 1092 99 1052
f 153 1234 209
f 969 740 741
f 447 43 115
f 265 128 276
f 1240 942 1028
f 753 966 788
f 993 516 518
f 830 800 636
f 831 809 635
f 1155 1029 757
f 720 618 18
f 720 18 618
f 1125 1152 485
f 453 944 941
f 1155 482 345
f 1155 345 482
f 16 677 630
f 16 630 677
f 630 859 677
f 17 704 71
f 17 71 704
f 90 719 33
f 130 269 172
f 601 590 625
f 843 878 459
f 130 172 269
f 947 942 999
f 883 379 757
f 665 831 34
f 945 1030 831
f 1290 142 575
f 968 1026 888
f 1148 1047 724
f 993 516 959
f 463 924 849
f 1215 142 575
f 1289 144 1224
f 1215 575 142
f 1290 575 1223
f 601 239 160
f 229 477 277
f 615 1048 670
f 148 98 294
f 967 1022 1028
f 808 771 740
f 995 967 771
f 1029 902 966
f 636 66 1302
f 636 669 798
f 828 799 798
f 354 363 1314
f 970 997 1027
f 828 673 629
f 404 244 464
f 72 618 607
f 72 607 618
f 720 71 732
f 720 732 71
f 445 158 111
f 269 129 170
f 1290 1266 1208
f 269 170 129
f 270 106 126
f 269 126 224
f 494 395 483
f 316 395 472
f 177 140 215
f 711 1120 751
f 588 60 870
f 628 15 1256
f 1309 1241 1310
f 304 533 915
f 998 961 825
f 765 930 729
f 883 482 379
f 765 729 930
f 54 1056 11
f 339 172 440
f 1166 351 900
f 787 987 962
f 25 656 693
f 451 849 826
f 871 632 671
f 849 1048 853
f 463 849 527
f 463 527 849
f 83 656 30
f 1093 1096 658
f 793 919 321
f 1166 351 887
f 1166 887 351
f 316 304 407
f 405 483 1191
f 606 8 597
f 606 597 8
f 339 270 372
f 339 372 270
f 140 262 215
f 226 170 168
f 242 155 1
f 177 593 215
f 177 215 593
f 601 160 5
f 316 417 304
f 407 417 304
f 407 304 417
f 883 382 591
f 899 382 884
f 674 677 630
f 282 382 213
f 269 587 129
f 555 533 787
f 964 900 1264
f 1056 668 1050
f 901 885 900
f 1308 199 411
f 1308 411 199
f 1247 1259 1183
f 451 515 915
f 1321 69 1264
f 698 939 1303
f 797 991 826
f 797 940 991
f 849 633 826
f 85 670 1048
f 290 211 187
f 992 987 515
f 725 952 836
f 899 615 592
f 765 899 884
f 738 1149 729
f 738 729 1149
f 738 1264 91
f 1094 677 654
f 985 990 750
f 1052 860 677
f 1052 677 860
f 641 677 860
f 641 860 677
f 189 1065 1097
f 189 1097 1065
f 1086 679 548
f 1086 548 679
f 997 828 1027
f 779 548 679
f 779 679 548
f 79 80 24
f 79 78 25
f 22 78 23
f 22 23 77
f 149 77 24
f 182 139 186
f 301 272 225
f 508 379 482
f 508 482 379
f 51 131 169
f 226 224 170
f 1072 1087 1291
f 201 127 417
f 341 51 127
f 418 491 375
f 577 1271 1226
f 226 268 221
f 42 3 2
f 475 274 375
f 104 167 103
f 471 369 370
f 266 274 220
f 624 252 508
f 65 895 603
f 131 441 169
f 336 171 123
f 336 342 442
f 81 14 205
f 81 205 14
f 470 493 393
f 1209 144 1289
f 416 200 318
f 442 174 443
f 254 299 492
f 956 1001 973
f 273 227 254
f 1066 1086 1076
f 272 255 225
f 256 301 494
f 341 317 441
f 416 418 317
f 341 441 131
f 271 371 373
f 125 343 267
f 226 168 275
f 226 275 168
f 130 52 10
f 239 590 261
f 823 839 877
f 418 318 394
f 341 437 318
f 341 318 437
f 223 267 168
f 730 825 802
f 223 168 267
f 732 984 719
f 438 337 443
f 157 325 328
f 396 443 302
f 174 314 299
f 470 442 342
f 470 442 393
f 470 393 442
f 130 169 52
f 254 492 374
f 374 492 255
f 492 300 255
f 103 394 318
f 601 5 239
f 759 905 891
f 300 103 167
f 11 1056 866
f 104 301 218
f 316 395 301
f 342 375 419
f 472 395 439
f 173 224 168
f 129 164 128
f 165 438 343
f 165 125 221
f 1069 1103 1075
f 443 474 343
f 173 168 223
f 265 276 219
f 226 275 262
f 1156 1041 947
f 441 228 169
f 555 1121 1190
f 50 460 851
f 683 642 643
f 682 21 74
f 1093 1061 100
f 609 595 7
f 147 202 20
f 1255 638 857
f 1282 333 435
f 606 216 291
f 896 881 596
f 266 220 585
f 978 979 1040
f 925 851 803
f 925 803 851
f 586 268 128
f 251 506 763
f 746 735 89
f 68 50 863
f 1039 763 893
f 528 444 461
f 843 921 461
f 1039 726 763
f 904 892 1037
f 1008 979 524
f 293 593 210
f 336 123 337
f 1187 1246 1249
f 122 336 337
f 1008 524 459
f 462 851 844
f 650 846 817
f 459 68 850
f 666 699 780
f 528 921 313
f 392 475 896
f 392 896 475
f 969 740 995
f 196 873 245
f 391 616 604
f 643 685 835
f 605 604 616
f 684 804 685
f 73 76 20
f 606 76 621
f 925 851 462
f 687 1087 1099
f 683 646 1053
f 683 1053 646
f 1156 1169 1132
f 147 76 291
f 687 1101 1089
f 49 128 8
f 219 164 128
f 1088 686 1100
f 1088 1100 686
f 265 219 128
f 290 287 211
f 264 216 597
f 264 597 585
f 650 778 680
f 819 19 707
f 741 771 702
f 20 75 202
f 715 755 1126
f 666 805 699
f 620 202 251
f 620 763 20
f 991 938 826
f 219 266 585
f 461 336 50
f 48 7 586
f 130 52 9
f 462 50 337
f 595 7 221
f 595 221 268
f 843 50 878
f 843 461 50
f 1223 575 556
f 878 50 68
f 951 459 834
f 805 836 834
f 1008 1040 979
f 1294 695 775
f 1008 952 1040
f 978 1040 735
f 863 645 834
f 1054 4 53
f 1054 53 4
f 699 805 685
f 666 819 707
f 313 475 444
f 934 921 524
f 1046 939 990
f 675 1089 1087
f 934 524 906
f 683 835 643
f 683 643 835
f 684 685 805
f 862 621 619
f 7 529 438
f 584 597 606
f 827 664 940
f 383 506 881
f 383 881 506
f 1052 860 1051
f 625 859 1051
f 1052 859 46
f 859 46 1051
f 859 1051 46
f 641 681 860
f 1074 1075 163
f 119 161 95
f 622 870 871
f 1065 120 1074
f 47 5 161
f 1066 162 120
f 1086 1096 1076
f 1108 428 327
f 160 118 5
f 160 5 118
f 47 6 5
f 1175 561 576
f 1175 1197 413
f 932 904 616
f 874 45 64
f 507 1166 350
f 913 845 457
f 1003 723 948
f 1164 1130 1221
f 1164 1221 1130
f 64 63 858
f 857 678 1049
f 1024 1264 885
f 1277 144 1265
f 1129 560 1158
f 595 529 7
f 1129 488 1128
f 513 448 432
f 513 432 448
f 1094 206 151
f 449 58 847
f 895 933 390
f 923 320 796
f 1289 1224 477
f 1147 1115 1010
f 793 512 919
f 96 132 190
f 1077 182 236
f 1077 236 182
f 1239 1200 1162
f 183 133 113
f 510 325 427
f 510 427 325
f 576 561 1221
f 882 383 509
f 1086 548 775
f 1086 775 548
f 1163 1142 1204
f 1188 1183 1186
f 1296 977 1221
f 909 521 1002
f 519 916 789
f 519 789 916
f 955 64 639
f 502 354 1314
f 982 927 904
f 827 940 797
f 820 649 776
f 1242 1064 1095
f 141 244 1267
f 898 883 624
f 1292 3 678
f 64 455 842
f 794 538 311
f 794 311 538
f 817 846 909
f 643 835 804
f 848 455 816
f 1185 1037 1258
f 47 160 118
f 1116 544 547
f 450 512 44
f 450 44 512
f 824 790 844
f 926 456 948
f 56 1066 121
f 54 1254 1066
f 522 1004 774
f 328 415 447
f 328 447 415
f 1045 705 745
f 327 114 1064
f 981 1043 708
f 1035 973 889
f 460 844 520
f 460 520 844
f 1165 758 347
f 983 1035 1158
f 974 790 755
f 907 908 974
f 820 637 815
f 835 1001 833
f 1116 775 1012
f 529 438 308
f 642 685 804
f 671 631 672
f 72 677 151
f 1082 545 772
f 319 329 922
f 922 792 542
f 431 433 334
f 319 420 433
f 541 320 423
f 284 1234 283
f 277 358 1286
f 541 796 320
f 1198 1243 1236
f 231 378 478
f 549 542 1109
f 549 1109 542
f 1059 671 853
f 854 38 877
f 1081 1083 1064
f 1243 1206 1236
f 1243 1236 1206
f 1222 1044 984
f 1133 563 498
f 112 188 185
f 1252 678 638
f 922 525 792
f 715 1126 714
f 99 293 1052
f 99 1052 293
f 1251 188 1063
f 738 1276 1214
f 150 238 292
f 1063 135 57
f 855 189 860
f 433 420 334
f 1198 423 331
f 1156 1144 571
f 355 498 399
f 230 1281 277
f 376 495 1128
f 1169 278 1210
f 1133 1161 563
f 549 1238 1205
f 549 1205 1238
f 1010 954 1114
f 647 862 619
f 782 981 747
f 782 747 981
f 609 1053 619
f 438 466 343
f 150 292 205
f 150 205 292
f 81 150 608
f 864 8 1055
f 81 686 647
f 81 647 686
f 963 901 517
f 26 19 75
f 134 322 424
f 572 1212 146
f 98 216 294
f 148 204 1095
f 149 573 1142
f 327 413 310
f 204 1142 1095
f 1161 1238 954
f 922 449 514
f 748 812 705
f 782 747 707
f 1171 1142 573
f 351 887 900
f 204 1270 149
f 1192 1122 1193
f 1269 1230 1272
f 312 842 920
f 85 29 729
f 196 245 468
f 603 245 873
f 1297 1150 1262
f 1247 891 1259
f 742 965 702
f 1250 1247 1180
f 791 920 1005
f 631 807 672
f 920 842 523
f 949 1257 458
f 913 457 522
f 152 1273 574
f 522 845 457
f 522 457 845
f 428 309 918
f 42 1050 857
f 113 446 44
f 913 774 815
f 1250 489 759
f 640 1083 1095
f 983 1220 1265
f 721 833 1033
f 824 412 1196
f 594 215 263
f 1173 1118 553
f 659 638 872
f 1090 1055 97
f 975 745 570
f 737 721 1033
f 796 1007 1005
f 792 793 783
f 373 222 473
f 55 326 113
f 1067 1099 1087
f 1325 1267 244
f 571 1210 577
f 1088 1100 1087
f 1088 1087 1100
f 396 370 480
f 502 249 354
f 1042 1161 954
f 572 746 708
f 26 75 207
f 1055 606 291
f 1010 1115 1239
f 1200 543 321
f 181 114 429
f 181 183 133
f 181 133 183
f 692 656 870
f 568 288 404
f 864 1055 655
f 1092 1098 677
f 1092 677 1098
f 293 210 6
f 676 1203 1084
f 54 1065 1253
f 54 1253 1065
f 1208 558 569
f 1293 1073 1018
f 1047 1007 724
f 1036 706 1142
f 663 801 832
f 391 1260 932
f 391 932 616
f 874 842 414
f 693 640 818
f 839 198 410
f 204 1064 1142
f 1171 1228 327
f 1175 1130 561
f 970 960 519
f 422 468 310
f 327 1228 114
f 1228 1064 114
f 1298 1187 1186
f 328 43 447
f 1071 141 1267
f 911 523 455
f 904 1258 892
f 428 918 511
f 1037 892 1258
f 982 904 1037
f 1292 512 3
f 422 55 873
f 282 239 261
f 450 841 845
f 866 872 652
f 450 865 55
f 689 680 785
f 179 134 196
f 1012 1020 794
f 765 930 899
f 183 1070 139
f 1254 1294 1076
f 912 1050 511
f 651 1050 668
f 11 914 1020
f 650 1057 856
f 1185 1258 1259
f 1057 774 910
f 895 905 933
f 1177 478 376
f 44 511 2
f 446 511 44
f 949 1003 776
f 875 63 45
f 1013 795 794
f 1253 652 866
f 545 781 546
f 112 1067 185
f 78 656 25
f 781 1018 546
f 724 1007 1111
f 1296 1261 1184
f 1204 1242 1237
f 1250 1180 1130
f 468 467 367
f 576 550 1237
f 1016 946 806
f 1171 1242 1228
f 390 489 366
f 1188 1186 1180
f 712 753 554
f 192 869 1096
f 523 842 455
f 64 858 639
f 282 589 884
f 927 722 734
f 904 605 616
f 610 253 294
f 868 45 63
f 422 326 55
f 450 512 841
f 1055 8 49
f 865 65 55
f 65 926 895
f 820 865 637
f 650 680 813
f 949 734 1003
f 926 976 905
f 905 1037 891
f 722 976 733
f 689 639 814
f 11 1020 1294
f 54 1294 11
f 54 11 1294
f 1012 775 1020
f 544 795 309
f 651 668 1056
f 784 1050 912
f 526 918 1013
f 738 964 1264
f 653 778 680
f 653 680 778
f 972 1217 1153
f 848 816 778
f 1187 1181 1186
f 875 116 195
f 59 13 119
f 875 195 246
f 1013 794 1020
f 747 708 707
f 1277 1220 144
f 1158 560 1220
f 642 804 833
f 956 973 1033
f 869 1061 658
f 983 973 1035
f 349 1157 1129
f 957 1001 835
f 683 643 685
f 595 466 894
f 488 1159 1128
f 578 1220 1224
f 88 1265 144
f 737 88 35
f 460 520 1001
f 737 1033 983
f 1024 1321 1264
f 889 1034 1157
f 908 1001 520
f 824 1196 537
f 824 537 790
f 804 835 833
f 925 529 844
f 925 844 520
f 529 917 844
f 529 894 466
f 925 520 460
f 1222 984 577
f 1077 114 1064
f 744 1041 571
f 1251 1063 57
f 1251 57 867
f 1235 936 1153
f 1072 1067 1087
f 1243 1144 1156
f 1288 1279 353
f 541 1113 1007
f 1280 434 230
f 1133 420 1199
f 601 1051 5
f 1199 1238 1161
f 355 1170 498
f 541 1243 1198
f 541 1198 1243
f 792 549 542
f 1243 1169 1144
f 1209 1286 563
f 1094 151 1092
f 1092 677 99
f 1094 654 206
f 577 90 145
f 947 999 1113
f 98 180 138
f 112 1067 135
f 675 1087 549
f 431 1281 230
f 431 329 433
f 319 433 329
f 84 574 152
f 355 334 498
f 176 330 136
f 448 909 846
f 513 320 923
f 923 796 1005
f 58 846 856
f 541 423 1198
f 1169 1144 1132
f 1198 1132 1169
f 1209 1289 247
f 1198 1236 1113
f 477 495 376
f 477 478 378
f 1177 1226 478
f 1222 1128 1159
f 231 1226 1271
f 847 910 514
f 356 278 1169
f 1291 1292 678
f 587 870 60
f 1058 846 909
f 572 146 746
f 96 175 132
f 27 646 21
f 1055 862 21
f 994 788 966
f 685 812 780
f 782 819 780
f 644 819 707
f 177 215 4
f 647 619 27
f 708 1143 1043
f 675 687 1089
f 647 686 688
f 647 688 686
f 26 76 74
f 1200 1136 1162
f 1077 1091 1064
f 242 261 155
f 1292 1080 183
f 397 93 310
f 232 93 289
f 232 1282 435
f 563 1161 1219
f 519 989 789
f 953 1043 981
f 980 748 705
f 407 1190 1121
f 782 748 980
f 823 877 1195
f 682 74 646
f 4 215 594
f 344 335 303
f 49 586 619
f 74 21 646
f 1055 291 8
f 1090 1101 688
f 687 655 688
f 97 1055 8
f 953 1162 1043
f 1011 793 543
f 332 134 424
f 496 357 1136
f 687 1089 655
f 234 1284 1211
f 279 235 359
f 279 359 1282
f 497 310 413
f 1211 1134 1171
f 280 1272 235
f 148 1268 1229
f 1269 236 182
f 183 1068 1080
f 183 1080 1068
f 1091 180 1102
f 98 1102 180
f 941 636 1302
f 183 113 3
f 134 113 326
f 181 429 326
f 1134 1197 1242
f 232 179 93
f 182 1064 114
f 986 939 770
f 357 1285 1212
f 129 160 239
f 129 239 160
f 192 100 869
f 602 613 625
f 507 379 508
f 507 508 379
f 1232 152 1273
f 83 30 85
f 83 85 30
f 1232 208 152
f 266 476 228
f 475 491 375
f 882 935 761
f 401 499 761
f 269 598 239
f 565 1138 499
f 565 567 1138
f 1137 1139 567
f 10 611 1059
f 10 599 611
f 10 897 599
f 276 228 169
f 587 871 623
f 656 623 870
f 129 160 164
f 897 476 935
f 401 935 476
f 295 163 95
f 1069 1207 1103
f 589 899 884
f 298 111 158
f 85 930 615
f 85 739 930
f 898 382 883
f 589 627 615
f 83 30 693
f 883 884 379
f 84 31 709
f 83 31 28
f 695 661 1086
f 1145 749 709
f 624 613 614
f 624 614 613
f 613 625 614
f 613 614 625
f 883 508 379
f 883 379 508
f 601 625 614
f 192 1096 100
f 929 766 611
f 599 929 611
f 10 871 52
f 612 656 692
f 587 60 52
f 691 656 640
f 253 509 264
f 598 623 612
f 1137 401 491
f 1137 565 401
f 1069 162 285
f 295 95 1051
f 1093 1103 1086
f 602 591 242
f 282 382 242
f 657 709 31
f 764 508 252
f 764 252 624
f 1274 209 1234
f 1232 1233 1275
f 101 296 217
f 1232 1275 241
f 624 32 209
f 624 209 32
f 614 86 32
f 614 32 86
f 153 86 32
f 601 591 602
f 507 1149 1179
f 507 379 765
f 152 579 1149
f 152 1149 579
f 729 29 1149
f 729 1149 29
f 22 78 80
f 80 78 25
f 10 52 169
f 100 121 163
f 855 188 132
f 186 1064 114
f 186 2 511
f 675 1252 1255
f 186 139 42
f 864 655 1104
f 761 500 383
f 22 204 640
f 1091 640 1095
f 1060 610 98
f 500 760 881
f 383 500 881
f 761 760 500
f 54 56 1254
f 1173 352 1244
f 112 132 188
f 1305 1105 663
f 112 190 132
f 864 190 655
f 138 1104 1070
f 1078 180 138
f 1089 1090 1104
f 687 1100 1087
f 182 1068 133
f 1077 1064 1095
f 1077 182 114
f 1108 428 511
f 1108 511 1021
f 947 969 996
f 652 872 638
f 866 1056 694
f 54 866 652
f 675 1292 660
f 675 660 1255
f 1290 1223 1266
f 1252 660 1099
f 821 709 1023
f 96 190 185
f 659 1050 857
f 499 716 760
f 253 766 509
f 882 509 766
f 294 264 216
f 381 881 896
f 381 266 585
f 148 1091 204
f 180 193 138
f 756 567 934
f 756 1138 567
f 756 760 716
f 756 934 760
f 855 62 112
f 661 1096 1086
f 1078 1077 180
f 1081 547 1083
f 867 57 652
f 659 857 638
f 784 694 1020
f 11 694 1056
f 1251 648 1253
f 96 1099 190
f 1255 857 42
f 1292 1255 1080
f 1080 1255 1070
f 305 535 386
f 80 1091 148
f 585 597 216
f 855 121 56
f 83 750 696
f 501 425 1124
f 445 402 502
f 384 505 404
f 83 786 750
f 1046 1300 37
f 786 961 998
f 1296 1182 1032
f 387 353 1279
f 286 481 361
f 384 464 1314
f 286 361 363
f 298 1071 111
f 284 1273 1232
f 284 1234 241
f 91 1264 1276
f 91 1276 1264
f 1166 351 350
f 1244 1107 548
f 1066 162 163
f 83 710 750
f 657 821 679
f 284 1232 1234
f 1290 1223 465
f 1315 246 469
f 821 750 709
f 1315 469 246
f 305 1194 535
f 412 308 315
f 1192 559 537
f 110 197 198
f 396 480 386
f 557 789 754
f 754 960 714
f 809 34 702
f 994 518 516
f 945 993 1030
f 1041 703 969
f 1223 1125 1174
f 607 1052 617
f 1052 677 859
f 999 942 1240
f 153 1051 1085
f 625 852 39
f 624 591 602
f 968 731 1263
f 742 965 701
f 828 719 1027
f 239 160 261
f 239 261 160
f 282 261 242
f 463 340 527
f 1024 885 901
f 9 52 1048
f 693 786 743
f 628 1303 15
f 963 992 940
f 451 915 838
f 25 871 622
f 83 28 750
f 1309 1202 1241
f 504 351 1278
f 445 257 158
f 152 208 1273
f 1166 1278 351
f 78 786 743
f 380 1179 1149
f 110 41 876
f 214 262 263
f 214 263 262
f 839 453 877
f 800 673 669
f 676 654 674
f 676 674 654
f 87 34 1322
f 823 944 839
f 373 385 473
f 282 242 602
f 384 1314 363
f 28 37 710
f 641 681 677
f 641 677 681
f 617 1052 6
f 1203 1062 1084
f 1227 1240 1201
f 1178 1227 539
f 1245 1106 1073
f 184 120 162
f 184 162 120
f 83 743 786
f 83 693 696
f 806 946 832
f 1046 801 1300
f 710 1046 37
f 1305 946 1241
f 1299 1320 1324
f 1262 1324 1320
f 1320 1319 1318
f 1309 1323 1320
f 387 361 481
f 243 249 287
f 361 1313 363
f 693 750 821
f 1173 1244 1118
f 657 679 640
f 1320 1318 1316
f 486 465 362
f 241 1074 162
f 425 312 539
f 1245 546 1106
f 749 972 709
f 436 328 115
f 425 539 1201
f 94 194 414
f 1305 663 832
f 501 1124 388
f 426 1318 1248
f 1318 1319 1248
f 1315 92 287
f 154 1307 1267
f 1141 486 504
f 384 389 505
f 486 505 389
f 1071 199 111
f 199 411 335
f 709 750 710
f 285 108 352
f 91 710 37
f 749 710 91
f 486 389 465
f 1030 34 831
f 1202 1316 411
f 743 1036 961
f 1288 384 361
f 384 1313 361
f 248 465 1288
f 1208 1266 1223
f 187 92 116
f 306 410 102
f 876 877 38
f 197 107 198
f 386 217 296
f 297 217 385
f 1192 315 408
f 396 369 474
f 960 758 714
f 903 960 970
f 410 532 1195
f 839 1195 877
f 102 217 297
f 797 633 672
f 840 822 1194
f 557 754 714
f 557 536 789
f 754 789 960
f 1193 1122 484
f 471 222 370
f 408 308 343
f 1123 1126 559
f 968 346 1215
f 346 888 1029
f 996 969 741
f 995 741 967
f 995 771 741
f 941 993 988
f 767 808 809
f 767 809 808
f 808 673 635
f 808 629 673
f 1155 757 482
f 346 485 1152
f 732 719 90
f 941 944 452
f 1030 993 959
f 625 1 852
f 999 1240 1111
f 613 1 625
f 306 1191 532
f 379 482 757
f 1029 753 757
f 902 959 516
f 731 87 1263
f 742 569 965
f 558 1124 1216
f 731 1215 575
f 87 742 702
f 808 740 703
f 741 771 967
f 994 516 993
f 830 941 800
f 945 988 993
f 965 1028 701
f 829 636 798
f 1140 1155 1167
f 87 142 742
f 969 771 740
f 1044 970 1027
f 744 90 703
f 1029 966 753
f 316 472 439
f 260 126 106
f 130 126 269
f 590 109 261
f 140 118 160
f 172 527 440
f 9 527 172
f 339 126 172
f 712 757 753
f 940 992 991
f 991 992 938
f 1024 1256 1321
f 797 826 633
f 25 870 656
f 1059 871 671
f 85 615 739
f 91 69 1300
f 710 37 1300
f 750 769 743
f 738 718 739
f 1191 1121 554
f 1195 1191 534
f 1117 1121 1191
f 226 140 170
f 170 224 168
f 602 242 1
f 129 140 160
f 129 170 140
f 554 1121 1120
f 129 60 52
f 712 1119 757
f 883 757 482
f 1321 15 69
f 698 770 939
f 1300 1303 939
f 463 527 924
f 700 769 807
f 78 631 671
f 671 672 633
f 85 1048 615
f 28 710 750
f 91 1300 37
f 750 990 769
f 587 623 870
f 962 711 751

